Reusing configuration cache.
> Task :multiplatform:model:db:preBuild UP-TO-DATE
> Task :multiplatform:foundation:networking:preBuild UP-TO-DATE
> Task :apps:android:checkKotlinGradlePluginConfigurationErrors SKIPPED
> Task :multiplatform:app:core:preBuild UP-TO-DATE
> Task :multiplatform:app:bootstrap:api:preBuild UP-TO-DATE
> Task :multiplatform:model:domain:preBuild UP-TO-DATE
> Task :server:fake:preBuild UP-TO-DATE
> Task :multiplatform:foundation:designsystem:preBuild UP-TO-DATE
> Task :multiplatform:app:core:preDebugBuild UP-TO-DATE
> Task :multiplatform:app:context:preBuild UP-TO-DATE
> Task :multiplatform:foundation:parcel:preBuild UP-TO-DATE
> Task :multiplatform:foundation:networking:preDebugBuild UP-TO-DATE
> Task :multiplatform:foundation:coroutines:preBuild UP-TO-DATE
> Task :multiplatform:model:network:preBuild UP-TO-DATE
> Task :apps:android:preBuild UP-TO-DATE
> Task :multiplatform:model:db:preDebugBuild UP-TO-DATE
> Task :multiplatform:app:context:preDebugBuild UP-TO-DATE
> Task :server:api:preBuild UP-TO-DATE
> Task :multiplatform:foundation:logging:preBuild UP-TO-DATE
> Task :multiplatform:di:scope:preBuild UP-TO-DATE
> Task :multiplatform:foundation:logging:preDebugBuild UP-TO-DATE
> Task :multiplatform:di:scope:preDebugBuild UP-TO-DATE
> Task :apps:android:preDebugBuild UP-TO-DATE
> Task :multiplatform:model:network:preDebugBuild UP-TO-DATE
> Task :multiplatform:foundation:designsystem:preDebugBuild UP-TO-DATE
> Task :server:fake:preDebugBuild UP-TO-DATE
> Task :multiplatform:app:bootstrap:api:preDebugBuild UP-TO-DATE
> Task :multiplatform:foundation:logging:writeDebugAarMetadata UP-TO-DATE
> Task :multiplatform:foundation:networking:writeDebugAarMetadata UP-TO-DATE
> Task :apps:android:mergeDebugNativeDebugMetadata NO-SOURCE
> Task :multiplatform:di:scope:writeDebugAarMetadata UP-TO-DATE
> Task :multiplatform:model:network:writeDebugAarMetadata UP-TO-DATE
> Task :multiplatform:foundation:parcel:preDebugBuild UP-TO-DATE
> Task :multiplatform:foundation:coroutines:preDebugBuild UP-TO-DATE
> Task :multiplatform:app:bootstrap:api:writeDebugAarMetadata UP-TO-DATE
> Task :server:fake:writeDebugAarMetadata UP-TO-DATE
> Task :multiplatform:app:bootstrap:impl:preBuild UP-TO-DATE
> Task :multiplatform:app:core:writeDebugAarMetadata UP-TO-DATE
> Task :server:api:preDebugBuild UP-TO-DATE
> Task :multiplatform:app:scaffold:api:preBuild UP-TO-DATE
> Task :multiplatform:app:scaffold:impl:preBuild UP-TO-DATE
> Task :multiplatform:app:bootstrap:impl:preDebugBuild UP-TO-DATE
> Task :multiplatform:data:auth:impl:preBuild UP-TO-DATE
> Task :multiplatform:data:devsettings:api:preBuild UP-TO-DATE
> Task :multiplatform:foundation:designsystem:writeDebugAarMetadata UP-TO-DATE
> Task :multiplatform:foundation:coroutines:writeDebugAarMetadata UP-TO-DATE
> Task :multiplatform:model:domain:preDebugBuild UP-TO-DATE
> Task :multiplatform:data:devsettings:impl:preBuild UP-TO-DATE
> Task :multiplatform:data:devsettings:api:preDebugBuild UP-TO-DATE
> Task :multiplatform:model:db:writeDebugAarMetadata UP-TO-DATE
> Task :multiplatform:app:scaffold:impl:preDebugBuild UP-TO-DATE
> Task :multiplatform:data:devsettings:impl:preDebugBuild UP-TO-DATE
> Task :multiplatform:app:scaffold:api:preDebugBuild UP-TO-DATE
> Task :multiplatform:app:context:writeDebugAarMetadata UP-TO-DATE
> Task :multiplatform:model:domain:writeDebugAarMetadata UP-TO-DATE
> Task :server:api:writeDebugAarMetadata UP-TO-DATE
> Task :multiplatform:data:auth:impl:preDebugBuild UP-TO-DATE
> Task :multiplatform:data:devsettings:api:writeDebugAarMetadata UP-TO-DATE
> Task :apps:android:generateDebugBuildConfig UP-TO-DATE
> Task :multiplatform:foundation:parcel:writeDebugAarMetadata UP-TO-DATE
> Task :multiplatform:app:scaffold:impl:writeDebugAarMetadata UP-TO-DATE
> Task :multiplatform:app:scaffold:api:writeDebugAarMetadata UP-TO-DATE
> Task :multiplatform:data:auth:api:preBuild UP-TO-DATE
> Task :multiplatform:data:auth:impl:writeDebugAarMetadata UP-TO-DATE
> Task :multiplatform:data:devsettings:impl:writeDebugAarMetadata UP-TO-DATE
> Task :multiplatform:data:post:impl:preBuild UP-TO-DATE
> Task :multiplatform:data:trail:api:preBuild UP-TO-DATE
> Task :multiplatform:data:user:impl:preBuild UP-TO-DATE
> Task :multiplatform:data:auth:api:preDebugBuild UP-TO-DATE
> Task :multiplatform:data:trail:api:preDebugBuild UP-TO-DATE
> Task :multiplatform:data:post:impl:preDebugBuild UP-TO-DATE
> Task :multiplatform:data:trail:impl:preBuild UP-TO-DATE
> Task :multiplatform:di:graph:active:preBuild UP-TO-DATE
> Task :multiplatform:data:user:api:preBuild UP-TO-DATE
> Task :multiplatform:di:graph:app:preBuild UP-TO-DATE
> Task :multiplatform:di:graph:inactive:preBuild UP-TO-DATE
> Task :multiplatform:data:post:api:preBuild UP-TO-DATE
> Task :multiplatform:di:graph:loggedin:preBuild UP-TO-DATE
> Task :multiplatform:data:user:impl:preDebugBuild UP-TO-DATE
> Task :multiplatform:app:bootstrap:impl:writeDebugAarMetadata UP-TO-DATE
> Task :multiplatform:di:graph:active:preDebugBuild UP-TO-DATE
> Task :multiplatform:data:user:api:preDebugBuild UP-TO-DATE
> Task :multiplatform:data:post:api:preDebugBuild UP-TO-DATE
> Task :multiplatform:di:graph:app:preDebugBuild UP-TO-DATE
> Task :multiplatform:di:graph:loggedin:preDebugBuild UP-TO-DATE
> Task :multiplatform:di:graph:inactive:preDebugBuild UP-TO-DATE
> Task :multiplatform:data:user:impl:writeDebugAarMetadata UP-TO-DATE
> Task :multiplatform:feat:filters:api:preBuild UP-TO-DATE
> Task :multiplatform:di:graph:app:writeDebugAarMetadata UP-TO-DATE
> Task :multiplatform:data:auth:api:writeDebugAarMetadata UP-TO-DATE
> Task :multiplatform:feat:filters:api:preDebugBuild UP-TO-DATE
> Task :multiplatform:di:graph:loggedout:preBuild UP-TO-DATE
> Task :multiplatform:data:trail:impl:preDebugBuild UP-TO-DATE
> Task :multiplatform:feat:filters:impl:preBuild UP-TO-DATE
> Task :multiplatform:data:post:impl:writeDebugAarMetadata UP-TO-DATE
> Task :multiplatform:data:trail:api:writeDebugAarMetadata UP-TO-DATE
> Task :multiplatform:di:graph:inactive:writeDebugAarMetadata UP-TO-DATE
> Task :multiplatform:feat:savetrail:api:preBuild UP-TO-DATE
> Task :multiplatform:feat:savetrail:api:preDebugBuild UP-TO-DATE
> Task :multiplatform:data:trail:impl:writeDebugAarMetadata UP-TO-DATE
> Task :multiplatform:data:post:api:writeDebugAarMetadata UP-TO-DATE
> Task :multiplatform:data:user:api:writeDebugAarMetadata UP-TO-DATE
> Task :multiplatform:di:graph:active:writeDebugAarMetadata UP-TO-DATE
> Task :multiplatform:feat:savetrail:api:writeDebugAarMetadata UP-TO-DATE
> Task :multiplatform:screen:activity:impl:preBuild UP-TO-DATE
> Task :multiplatform:screen:collection:api:preBuild UP-TO-DATE
> Task :multiplatform:screen:activity:api:preBuild UP-TO-DATE
> Task :multiplatform:screen:collection:api:preDebugBuild UP-TO-DATE
> Task :multiplatform:di:graph:loggedin:writeDebugAarMetadata UP-TO-DATE
> Task :multiplatform:feat:filters:impl:preDebugBuild UP-TO-DATE
> Task :multiplatform:screen:activity:api:preDebugBuild UP-TO-DATE
> Task :multiplatform:screen:collection:impl:preBuild UP-TO-DATE
> Task :multiplatform:feat:filters:api:writeDebugAarMetadata UP-TO-DATE
> Task :multiplatform:screen:foryou:api:preBuild UP-TO-DATE
> Task :multiplatform:screen:collection:impl:preDebugBuild UP-TO-DATE
> Task :multiplatform:screen:explore:impl:preBuild UP-TO-DATE
> Task :multiplatform:screen:explore:api:preBuild UP-TO-DATE
> Task :multiplatform:screen:foryou:impl:preBuild UP-TO-DATE
> Task :multiplatform:di:graph:loggedout:preDebugBuild UP-TO-DATE
> Task :multiplatform:screen:explore:impl:preDebugBuild UP-TO-DATE
> Task :multiplatform:feat:filters:impl:writeDebugAarMetadata UP-TO-DATE
> Task :multiplatform:screen:home:impl:preBuild UP-TO-DATE
> Task :multiplatform:screen:explore:api:preDebugBuild UP-TO-DATE
> Task :multiplatform:screen:collection:impl:writeDebugAarMetadata UP-TO-DATE
> Task :multiplatform:feat:savetrail:impl:preBuild UP-TO-DATE
> Task :multiplatform:screen:home:impl:preDebugBuild UP-TO-DATE
> Task :multiplatform:screen:navigate:api:preBuild UP-TO-DATE
> Task :multiplatform:feat:savetrail:impl:preDebugBuild UP-TO-DATE
> Task :multiplatform:screen:foryou:api:preDebugBuild UP-TO-DATE
> Task :multiplatform:screen:navigate:impl:preBuild UP-TO-DATE
> Task :multiplatform:screen:activity:impl:preDebugBuild UP-TO-DATE
> Task :multiplatform:screen:navigate:api:preDebugBuild UP-TO-DATE
> Task :multiplatform:feat:savetrail:impl:writeDebugAarMetadata UP-TO-DATE
> Task :multiplatform:screen:home:api:preBuild UP-TO-DATE
> Task :multiplatform:screen:collection:api:writeDebugAarMetadata UP-TO-DATE
> Task :multiplatform:screen:activity:api:writeDebugAarMetadata UP-TO-DATE
> Task :multiplatform:screen:home:api:preDebugBuild UP-TO-DATE
> Task :multiplatform:screen:activity:impl:writeDebugAarMetadata UP-TO-DATE
> Task :multiplatform:screen:navigate:impl:preDebugBuild UP-TO-DATE
> Task :multiplatform:screen:foryou:api:writeDebugAarMetadata UP-TO-DATE
> Task :multiplatform:screen:home:impl:writeDebugAarMetadata UP-TO-DATE
> Task :multiplatform:screen:prelanding:api:preBuild UP-TO-DATE
> Task :multiplatform:screen:navigate:api:writeDebugAarMetadata UP-TO-DATE
> Task :multiplatform:screen:prelanding:api:preDebugBuild UP-TO-DATE
> Task :multiplatform:screen:explore:impl:writeDebugAarMetadata UP-TO-DATE
> Task :multiplatform:screen:foryou:impl:preDebugBuild UP-TO-DATE
> Task :multiplatform:di:graph:loggedout:writeDebugAarMetadata UP-TO-DATE
> Task :multiplatform:screen:explore:api:writeDebugAarMetadata UP-TO-DATE
> Task :multiplatform:screen:profile:impl:preBuild UP-TO-DATE
> Task :multiplatform:screen:profile:api:preBuild UP-TO-DATE
> Task :multiplatform:screen:saved:api:preBuild UP-TO-DATE
> Task :multiplatform:screen:navigate:impl:writeDebugAarMetadata UP-TO-DATE
> Task :multiplatform:screen:profile:api:preDebugBuild UP-TO-DATE
> Task :multiplatform:screen:saved:api:preDebugBuild UP-TO-DATE
> Task :multiplatform:screen:saved:impl:preBuild UP-TO-DATE
> Task :multiplatform:screen:foryou:impl:writeDebugAarMetadata UP-TO-DATE
> Task :multiplatform:screen:saved:impl:preDebugBuild UP-TO-DATE
> Task :multiplatform:screen:traildetail:api:preBuild UP-TO-DATE
> Task :multiplatform:screen:traildetail:impl:preBuild UP-TO-DATE
> Task :multiplatform:screen:traildetail:impl:preDebugBuild UP-TO-DATE
> Task :multiplatform:screen:profile:api:writeDebugAarMetadata UP-TO-DATE
> Task :multiplatform:screen:welcome:impl:preBuild UP-TO-DATE
> Task :multiplatform:screen:welcome:api:preBuild UP-TO-DATE
> Task :multiplatform:screen:saved:impl:writeDebugAarMetadata UP-TO-DATE
> Task :multiplatform:screen:home:api:writeDebugAarMetadata UP-TO-DATE
> Task :multiplatform:screen:welcome:api:preDebugBuild UP-TO-DATE
> Task :multiplatform:screen:profile:impl:preDebugBuild UP-TO-DATE
> Task :multiplatform:screen:saved:api:writeDebugAarMetadata UP-TO-DATE
> Task :multiplatform:screen:traildetail:impl:writeDebugAarMetadata UP-TO-DATE
> Task :multiplatform:screen:profile:impl:writeDebugAarMetadata UP-TO-DATE
> Task :multiplatform:screen:welcome:api:writeDebugAarMetadata UP-TO-DATE
> Task :multiplatform:screen:welcome:impl:preDebugBuild UP-TO-DATE
> Task :multiplatform:screen:traildetail:api:preDebugBuild UP-TO-DATE
> Task :apps:android:generateDebugResValues UP-TO-DATE
> Task :server:fake:generateDebugResValues UP-TO-DATE
> Task :server:api:generateDebugResValues UP-TO-DATE
> Task :multiplatform:screen:welcome:impl:writeDebugAarMetadata UP-TO-DATE
> Task :multiplatform:app:context:generateDebugResValues UP-TO-DATE
> Task :multiplatform:app:core:generateDebugResValues UP-TO-DATE
> Task :multiplatform:di:scope:generateDebugResValues UP-TO-DATE
> Task :multiplatform:screen:traildetail:api:writeDebugAarMetadata UP-TO-DATE
> Task :multiplatform:foundation:coroutines:generateDebugResValues UP-TO-DATE
> Task :multiplatform:foundation:designsystem:generateDebugResValues UP-TO-DATE
> Task :multiplatform:foundation:logging:generateDebugResValues UP-TO-DATE
> Task :server:fake:generateDebugResources UP-TO-DATE
> Task :server:api:generateDebugResources UP-TO-DATE
> Task :multiplatform:foundation:parcel:generateDebugResValues UP-TO-DATE
> Task :multiplatform:foundation:networking:generateDebugResValues UP-TO-DATE
> Task :multiplatform:di:scope:generateDebugResources UP-TO-DATE
> Task :multiplatform:screen:prelanding:api:writeDebugAarMetadata UP-TO-DATE
> Task :multiplatform:app:core:generateDebugResources UP-TO-DATE
> Task :multiplatform:foundation:coroutines:generateDebugResources UP-TO-DATE
> Task :multiplatform:foundation:networking:generateDebugResources UP-TO-DATE
> Task :multiplatform:model:db:generateDebugResValues UP-TO-DATE
> Task :multiplatform:foundation:designsystem:generateDebugResources UP-TO-DATE
> Task :multiplatform:model:network:generateDebugResValues UP-TO-DATE
> Task :multiplatform:app:context:generateDebugResources UP-TO-DATE
> Task :multiplatform:foundation:parcel:generateDebugResources UP-TO-DATE
> Task :multiplatform:model:domain:generateDebugResValues UP-TO-DATE
> Task :multiplatform:foundation:logging:generateDebugResources UP-TO-DATE
> Task :multiplatform:app:bootstrap:impl:generateDebugResValues UP-TO-DATE
> Task :multiplatform:app:bootstrap:api:generateDebugResValues UP-TO-DATE
> Task :server:fake:packageDebugResources UP-TO-DATE
> Task :multiplatform:model:db:generateDebugResources UP-TO-DATE
> Task :multiplatform:model:network:generateDebugResources UP-TO-DATE
> Task :multiplatform:app:bootstrap:api:generateDebugResources UP-TO-DATE
> Task :multiplatform:app:core:packageDebugResources UP-TO-DATE
> Task :server:api:packageDebugResources UP-TO-DATE
> Task :multiplatform:app:bootstrap:impl:generateDebugResources UP-TO-DATE
> Task :multiplatform:app:context:packageDebugResources UP-TO-DATE
> Task :multiplatform:di:scope:packageDebugResources UP-TO-DATE
> Task :multiplatform:foundation:coroutines:packageDebugResources UP-TO-DATE
> Task :multiplatform:model:domain:generateDebugResources UP-TO-DATE
> Task :multiplatform:data:auth:api:generateDebugResValues UP-TO-DATE
> Task :multiplatform:foundation:networking:packageDebugResources UP-TO-DATE
> Task :multiplatform:app:scaffold:impl:generateDebugResValues UP-TO-DATE
> Task :multiplatform:data:auth:impl:generateDebugResValues UP-TO-DATE
> Task :multiplatform:foundation:parcel:packageDebugResources UP-TO-DATE
> Task :multiplatform:foundation:logging:packageDebugResources UP-TO-DATE
> Task :multiplatform:data:auth:api:generateDebugResources UP-TO-DATE
> Task :multiplatform:foundation:designsystem:packageDebugResources UP-TO-DATE
> Task :multiplatform:app:scaffold:impl:generateDebugResources UP-TO-DATE
> Task :multiplatform:model:domain:packageDebugResources UP-TO-DATE
> Task :multiplatform:app:scaffold:api:generateDebugResValues UP-TO-DATE
> Task :multiplatform:data:post:api:generateDebugResValues UP-TO-DATE
> Task :multiplatform:data:auth:impl:generateDebugResources UP-TO-DATE
> Task :multiplatform:model:db:packageDebugResources UP-TO-DATE
> Task :multiplatform:data:devsettings:api:generateDebugResValues UP-TO-DATE
> Task :multiplatform:model:network:packageDebugResources UP-TO-DATE
> Task :multiplatform:app:bootstrap:api:packageDebugResources UP-TO-DATE
> Task :multiplatform:app:bootstrap:impl:packageDebugResources UP-TO-DATE
> Task :multiplatform:data:devsettings:impl:generateDebugResValues UP-TO-DATE
> Task :multiplatform:data:user:impl:generateDebugResValues UP-TO-DATE
> Task :multiplatform:data:trail:api:generateDebugResValues UP-TO-DATE
> Task :multiplatform:data:user:api:generateDebugResValues UP-TO-DATE
> Task :multiplatform:data:devsettings:impl:generateDebugResources UP-TO-DATE
> Task :multiplatform:data:devsettings:api:generateDebugResources UP-TO-DATE
> Task :multiplatform:di:graph:app:generateDebugResValues UP-TO-DATE
> Task :multiplatform:data:post:impl:generateDebugResValues UP-TO-DATE
> Task :multiplatform:di:graph:active:generateDebugResValues UP-TO-DATE
> Task :multiplatform:app:scaffold:api:generateDebugResources UP-TO-DATE
> Task :multiplatform:di:graph:inactive:generateDebugResValues UP-TO-DATE
> Task :multiplatform:data:auth:api:packageDebugResources UP-TO-DATE
> Task :multiplatform:data:user:api:generateDebugResources UP-TO-DATE
> Task :multiplatform:data:user:impl:generateDebugResources UP-TO-DATE
> Task :multiplatform:data:trail:impl:generateDebugResValues UP-TO-DATE
> Task :multiplatform:data:trail:impl:generateDebugResources UP-TO-DATE
> Task :multiplatform:data:post:api:generateDebugResources UP-TO-DATE
> Task :multiplatform:di:graph:active:generateDebugResources UP-TO-DATE
> Task :multiplatform:data:auth:impl:packageDebugResources UP-TO-DATE
> Task :multiplatform:data:post:impl:generateDebugResources UP-TO-DATE
> Task :multiplatform:di:graph:loggedin:generateDebugResValues UP-TO-DATE
> Task :multiplatform:data:trail:api:generateDebugResources UP-TO-DATE
> Task :multiplatform:di:graph:inactive:generateDebugResources UP-TO-DATE
> Task :multiplatform:app:scaffold:impl:packageDebugResources UP-TO-DATE
> Task :multiplatform:di:graph:app:generateDebugResources UP-TO-DATE
> Task :multiplatform:app:scaffold:api:packageDebugResources UP-TO-DATE
> Task :multiplatform:data:devsettings:impl:packageDebugResources UP-TO-DATE
> Task :multiplatform:di:graph:loggedin:generateDebugResources UP-TO-DATE
> Task :multiplatform:di:graph:loggedout:generateDebugResValues UP-TO-DATE
> Task :multiplatform:feat:filters:impl:generateDebugResValues UP-TO-DATE
> Task :multiplatform:data:user:api:packageDebugResources UP-TO-DATE
> Task :multiplatform:di:graph:active:packageDebugResources UP-TO-DATE
> Task :multiplatform:data:post:api:packageDebugResources UP-TO-DATE
> Task :multiplatform:data:trail:api:packageDebugResources UP-TO-DATE
> Task :multiplatform:feat:filters:api:generateDebugResValues UP-TO-DATE
> Task :multiplatform:data:devsettings:api:packageDebugResources UP-TO-DATE
> Task :multiplatform:data:post:impl:packageDebugResources UP-TO-DATE
> Task :multiplatform:feat:savetrail:impl:generateDebugResValues UP-TO-DATE
> Task :multiplatform:data:trail:impl:packageDebugResources UP-TO-DATE
> Task :multiplatform:di:graph:loggedout:generateDebugResources UP-TO-DATE
> Task :multiplatform:feat:filters:impl:generateDebugResources UP-TO-DATE
> Task :multiplatform:feat:savetrail:api:generateDebugResValues UP-TO-DATE
> Task :multiplatform:di:graph:app:packageDebugResources UP-TO-DATE
> Task :multiplatform:data:user:impl:packageDebugResources UP-TO-DATE
> Task :multiplatform:screen:collection:impl:generateDebugResValues UP-TO-DATE
> Task :multiplatform:screen:activity:api:generateDebugResValues UP-TO-DATE
> Task :multiplatform:di:graph:loggedin:packageDebugResources UP-TO-DATE
> Task :multiplatform:screen:collection:api:generateDebugResValues UP-TO-DATE
> Task :multiplatform:screen:foryou:api:generateDebugResValues UP-TO-DATE
> Task :multiplatform:di:graph:inactive:packageDebugResources UP-TO-DATE
> Task :multiplatform:feat:filters:api:generateDebugResources UP-TO-DATE
> Task :multiplatform:screen:activity:impl:generateDebugResValues UP-TO-DATE
> Task :multiplatform:screen:explore:api:generateDebugResValues UP-TO-DATE
> Task :multiplatform:feat:savetrail:impl:generateDebugResources UP-TO-DATE
> Task :multiplatform:screen:explore:impl:generateDebugResValues UP-TO-DATE
> Task :multiplatform:screen:collection:impl:generateDebugResources UP-TO-DATE
> Task :multiplatform:screen:activity:impl:generateDebugResources UP-TO-DATE
> Task :multiplatform:feat:filters:impl:packageDebugResources UP-TO-DATE
> Task :multiplatform:screen:activity:api:generateDebugResources UP-TO-DATE
> Task :multiplatform:screen:explore:api:generateDebugResources UP-TO-DATE
> Task :multiplatform:screen:explore:impl:generateDebugResources UP-TO-DATE
> Task :multiplatform:screen:foryou:api:generateDebugResources UP-TO-DATE
> Task :multiplatform:di:graph:loggedout:packageDebugResources UP-TO-DATE
> Task :multiplatform:screen:home:api:generateDebugResValues UP-TO-DATE
> Task :multiplatform:screen:foryou:impl:generateDebugResValues UP-TO-DATE
> Task :multiplatform:feat:savetrail:api:generateDebugResources UP-TO-DATE
> Task :multiplatform:screen:collection:api:generateDebugResources UP-TO-DATE
> Task :multiplatform:screen:home:impl:generateDebugResValues UP-TO-DATE
> Task :multiplatform:screen:foryou:impl:generateDebugResources UP-TO-DATE
> Task :multiplatform:screen:home:api:generateDebugResources UP-TO-DATE
> Task :multiplatform:screen:collection:impl:packageDebugResources UP-TO-DATE
> Task :multiplatform:screen:activity:impl:packageDebugResources UP-TO-DATE
> Task :multiplatform:feat:savetrail:impl:packageDebugResources UP-TO-DATE
> Task :multiplatform:feat:filters:api:packageDebugResources UP-TO-DATE
> Task :multiplatform:screen:prelanding:api:generateDebugResValues UP-TO-DATE
> Task :multiplatform:screen:navigate:api:generateDebugResValues UP-TO-DATE
> Task :multiplatform:screen:activity:api:packageDebugResources UP-TO-DATE
> Task :multiplatform:screen:navigate:impl:generateDebugResValues UP-TO-DATE
> Task :multiplatform:screen:profile:impl:generateDebugResValues UP-TO-DATE
> Task :multiplatform:screen:explore:api:packageDebugResources UP-TO-DATE
> Task :multiplatform:screen:profile:api:generateDebugResValues UP-TO-DATE
> Task :multiplatform:screen:saved:api:generateDebugResValues UP-TO-DATE
> Task :multiplatform:screen:foryou:api:packageDebugResources UP-TO-DATE
> Task :multiplatform:screen:saved:impl:generateDebugResValues UP-TO-DATE
> Task :multiplatform:screen:prelanding:api:generateDebugResources UP-TO-DATE
> Task :multiplatform:screen:navigate:api:generateDebugResources UP-TO-DATE
> Task :multiplatform:screen:navigate:impl:generateDebugResources UP-TO-DATE
> Task :multiplatform:screen:home:api:packageDebugResources UP-TO-DATE
> Task :multiplatform:screen:traildetail:api:generateDebugResValues UP-TO-DATE
> Task :multiplatform:screen:collection:api:packageDebugResources UP-TO-DATE
> Task :multiplatform:screen:explore:impl:packageDebugResources UP-TO-DATE
> Task :multiplatform:screen:traildetail:impl:generateDebugResValues UP-TO-DATE
> Task :multiplatform:screen:profile:api:generateDebugResources UP-TO-DATE
> Task :multiplatform:feat:savetrail:api:packageDebugResources UP-TO-DATE
> Task :multiplatform:screen:profile:impl:generateDebugResources UP-TO-DATE
> Task :multiplatform:screen:saved:api:generateDebugResources UP-TO-DATE
> Task :multiplatform:screen:home:impl:generateDebugResources UP-TO-DATE
> Task :multiplatform:screen:saved:impl:generateDebugResources UP-TO-DATE
> Task :multiplatform:screen:foryou:impl:packageDebugResources UP-TO-DATE
> Task :multiplatform:screen:traildetail:api:generateDebugResources UP-TO-DATE
> Task :multiplatform:screen:welcome:api:generateDebugResValues UP-TO-DATE
> Task :multiplatform:screen:profile:impl:packageDebugResources UP-TO-DATE
> Task :multiplatform:screen:traildetail:impl:generateDebugResources UP-TO-DATE
> Task :multiplatform:screen:navigate:api:packageDebugResources UP-TO-DATE
> Task :multiplatform:screen:welcome:impl:generateDebugResValues UP-TO-DATE
> Task :multiplatform:screen:saved:impl:packageDebugResources UP-TO-DATE
> Task :multiplatform:screen:navigate:impl:packageDebugResources UP-TO-DATE
> Task :multiplatform:screen:prelanding:api:packageDebugResources UP-TO-DATE
> Task :apps:android:generateDebugResources UP-TO-DATE
> Task :multiplatform:screen:traildetail:api:packageDebugResources UP-TO-DATE
> Task :apps:android:extractDeepLinksDebug UP-TO-DATE
> Task :multiplatform:screen:welcome:api:generateDebugResources UP-TO-DATE
> Task :server:api:extractDeepLinksDebug UP-TO-DATE
> Task :server:fake:extractDeepLinksDebug UP-TO-DATE
> Task :multiplatform:screen:traildetail:impl:packageDebugResources UP-TO-DATE
> Task :multiplatform:screen:welcome:impl:generateDebugResources UP-TO-DATE
> Task :apps:android:createDebugCompatibleScreenManifests UP-TO-DATE
> Task :multiplatform:app:context:extractDeepLinksDebug UP-TO-DATE
> Task :apps:android:packageDebugResources UP-TO-DATE
> Task :multiplatform:screen:profile:api:packageDebugResources UP-TO-DATE
> Task :multiplatform:app:core:extractDeepLinksDebug UP-TO-DATE
> Task :multiplatform:screen:saved:api:packageDebugResources UP-TO-DATE
> Task :multiplatform:screen:home:impl:packageDebugResources UP-TO-DATE
> Task :multiplatform:screen:welcome:api:packageDebugResources UP-TO-DATE
> Task :multiplatform:app:context:processDebugManifest UP-TO-DATE
> Task :multiplatform:di:scope:extractDeepLinksDebug UP-TO-DATE
> Task :server:fake:processDebugManifest UP-TO-DATE
> Task :multiplatform:foundation:coroutines:extractDeepLinksDebug UP-TO-DATE
> Task :server:api:processDebugManifest UP-TO-DATE
> Task :multiplatform:foundation:logging:extractDeepLinksDebug UP-TO-DATE
> Task :multiplatform:di:scope:processDebugManifest UP-TO-DATE
> Task :multiplatform:app:core:processDebugManifest UP-TO-DATE
> Task :multiplatform:foundation:networking:extractDeepLinksDebug UP-TO-DATE
> Task :multiplatform:foundation:designsystem:extractDeepLinksDebug UP-TO-DATE
> Task :multiplatform:foundation:networking:processDebugManifest UP-TO-DATE
> Task :multiplatform:screen:welcome:impl:packageDebugResources UP-TO-DATE
> Task :multiplatform:foundation:designsystem:processDebugManifest UP-TO-DATE
> Task :multiplatform:foundation:parcel:processDebugManifest UP-TO-DATE
> Task :multiplatform:foundation:coroutines:processDebugManifest UP-TO-DATE
> Task :multiplatform:model:db:extractDeepLinksDebug UP-TO-DATE
> Task :multiplatform:model:db:processDebugManifest UP-TO-DATE
> Task :multiplatform:foundation:parcel:extractDeepLinksDebug UP-TO-DATE
> Task :multiplatform:model:network:extractDeepLinksDebug UP-TO-DATE
> Task :apps:android:parseDebugLocalResources UP-TO-DATE
> Task :multiplatform:app:bootstrap:api:extractDeepLinksDebug UP-TO-DATE
> Task :multiplatform:model:domain:extractDeepLinksDebug UP-TO-DATE
> Task :multiplatform:app:bootstrap:impl:extractDeepLinksDebug UP-TO-DATE
> Task :multiplatform:model:domain:processDebugManifest UP-TO-DATE
> Task :multiplatform:app:scaffold:api:extractDeepLinksDebug UP-TO-DATE
> Task :multiplatform:model:network:processDebugManifest UP-TO-DATE
> Task :multiplatform:app:scaffold:impl:extractDeepLinksDebug UP-TO-DATE
> Task :multiplatform:foundation:logging:processDebugManifest UP-TO-DATE
> Task :multiplatform:data:auth:api:extractDeepLinksDebug UP-TO-DATE
> Task :multiplatform:app:bootstrap:impl:processDebugManifest UP-TO-DATE
> Task :multiplatform:app:scaffold:api:processDebugManifest UP-TO-DATE
> Task :multiplatform:app:scaffold:impl:processDebugManifest UP-TO-DATE
> Task :multiplatform:data:devsettings:api:extractDeepLinksDebug UP-TO-DATE
> Task :multiplatform:data:auth:api:processDebugManifest UP-TO-DATE
> Task :multiplatform:data:auth:impl:extractDeepLinksDebug UP-TO-DATE
> Task :multiplatform:app:bootstrap:api:processDebugManifest UP-TO-DATE
> Task :multiplatform:data:trail:api:extractDeepLinksDebug UP-TO-DATE
> Task :multiplatform:data:trail:impl:extractDeepLinksDebug UP-TO-DATE
> Task :multiplatform:data:user:api:extractDeepLinksDebug UP-TO-DATE
> Task :multiplatform:data:devsettings:impl:extractDeepLinksDebug UP-TO-DATE
> Task :multiplatform:data:devsettings:impl:processDebugManifest UP-TO-DATE
> Task :multiplatform:data:post:impl:extractDeepLinksDebug UP-TO-DATE
> Task :multiplatform:data:post:api:extractDeepLinksDebug UP-TO-DATE
> Task :multiplatform:data:post:api:processDebugManifest UP-TO-DATE
> Task :multiplatform:data:devsettings:api:processDebugManifest UP-TO-DATE
> Task :multiplatform:data:auth:impl:processDebugManifest UP-TO-DATE
> Task :multiplatform:data:trail:impl:processDebugManifest UP-TO-DATE
> Task :multiplatform:di:graph:app:extractDeepLinksDebug UP-TO-DATE
> Task :multiplatform:di:graph:loggedin:extractDeepLinksDebug UP-TO-DATE
> Task :multiplatform:data:user:impl:extractDeepLinksDebug UP-TO-DATE
> Task :multiplatform:data:post:impl:processDebugManifest UP-TO-DATE
> Task :multiplatform:data:trail:api:processDebugManifest UP-TO-DATE
> Task :multiplatform:di:graph:loggedout:extractDeepLinksDebug UP-TO-DATE
> Task :multiplatform:di:graph:inactive:extractDeepLinksDebug UP-TO-DATE
> Task :multiplatform:di:graph:active:extractDeepLinksDebug UP-TO-DATE
> Task :multiplatform:di:graph:active:processDebugManifest UP-TO-DATE
> Task :multiplatform:data:user:api:processDebugManifest UP-TO-DATE
> Task :multiplatform:feat:filters:api:extractDeepLinksDebug UP-TO-DATE
> Task :multiplatform:feat:filters:impl:extractDeepLinksDebug UP-TO-DATE
> Task :multiplatform:feat:savetrail:api:extractDeepLinksDebug UP-TO-DATE
> Task :multiplatform:di:graph:loggedin:processDebugManifest UP-TO-DATE
> Task :multiplatform:feat:savetrail:impl:processDebugManifest UP-TO-DATE
> Task :multiplatform:di:graph:app:processDebugManifest UP-TO-DATE
> Task :multiplatform:data:user:impl:processDebugManifest UP-TO-DATE
> Task :multiplatform:di:graph:inactive:processDebugManifest UP-TO-DATE
> Task :multiplatform:feat:filters:api:processDebugManifest UP-TO-DATE
> Task :multiplatform:feat:filters:impl:processDebugManifest UP-TO-DATE
> Task :multiplatform:screen:activity:api:processDebugManifest UP-TO-DATE
> Task :multiplatform:di:graph:loggedout:processDebugManifest UP-TO-DATE
> Task :multiplatform:screen:activity:impl:processDebugManifest UP-TO-DATE
> Task :multiplatform:screen:activity:impl:extractDeepLinksDebug UP-TO-DATE
> Task :multiplatform:screen:collection:impl:extractDeepLinksDebug UP-TO-DATE
> Task :multiplatform:screen:explore:impl:extractDeepLinksDebug UP-TO-DATE
> Task :multiplatform:screen:collection:api:processDebugManifest UP-TO-DATE
> Task :multiplatform:screen:activity:api:extractDeepLinksDebug UP-TO-DATE
> Task :multiplatform:screen:collection:api:extractDeepLinksDebug UP-TO-DATE
> Task :multiplatform:screen:foryou:impl:extractDeepLinksDebug UP-TO-DATE
> Task :multiplatform:screen:explore:api:processDebugManifest UP-TO-DATE
> Task :multiplatform:feat:savetrail:api:processDebugManifest UP-TO-DATE
> Task :multiplatform:screen:explore:impl:processDebugManifest UP-TO-DATE
> Task :multiplatform:screen:collection:impl:processDebugManifest UP-TO-DATE
> Task :multiplatform:screen:explore:api:extractDeepLinksDebug UP-TO-DATE
> Task :multiplatform:screen:home:api:processDebugManifest UP-TO-DATE
> Task :multiplatform:screen:home:impl:processDebugManifest UP-TO-DATE
> Task :multiplatform:screen:navigate:impl:extractDeepLinksDebug UP-TO-DATE
> Task :multiplatform:screen:foryou:impl:processDebugManifest UP-TO-DATE
> Task :multiplatform:screen:foryou:api:extractDeepLinksDebug UP-TO-DATE
> Task :multiplatform:screen:prelanding:api:extractDeepLinksDebug UP-TO-DATE
> Task :multiplatform:screen:home:impl:extractDeepLinksDebug UP-TO-DATE
> Task :multiplatform:screen:navigate:api:processDebugManifest UP-TO-DATE
> Task :multiplatform:feat:savetrail:impl:extractDeepLinksDebug UP-TO-DATE
> Task :multiplatform:screen:profile:impl:extractDeepLinksDebug UP-TO-DATE
> Task :multiplatform:screen:foryou:api:processDebugManifest UP-TO-DATE
> Task :multiplatform:screen:saved:api:extractDeepLinksDebug UP-TO-DATE
> Task :multiplatform:screen:prelanding:api:processDebugManifest UP-TO-DATE
> Task :multiplatform:screen:navigate:impl:processDebugManifest UP-TO-DATE
> Task :multiplatform:screen:saved:api:processDebugManifest UP-TO-DATE
> Task :multiplatform:screen:navigate:api:extractDeepLinksDebug UP-TO-DATE
> Task :multiplatform:screen:profile:api:extractDeepLinksDebug UP-TO-DATE
> Task :multiplatform:screen:home:api:extractDeepLinksDebug UP-TO-DATE
> Task :multiplatform:screen:traildetail:api:extractDeepLinksDebug UP-TO-DATE
> Task :multiplatform:screen:welcome:api:extractDeepLinksDebug UP-TO-DATE
> Task :multiplatform:screen:profile:api:processDebugManifest UP-TO-DATE
> Task :multiplatform:screen:saved:impl:extractDeepLinksDebug UP-TO-DATE
> Task :multiplatform:screen:saved:impl:processDebugManifest UP-TO-DATE
> Task :multiplatform:screen:traildetail:impl:extractDeepLinksDebug UP-TO-DATE
> Task :multiplatform:screen:traildetail:impl:processDebugManifest UP-TO-DATE
> Task :multiplatform:screen:traildetail:api:processDebugManifest UP-TO-DATE
> Task :multiplatform:screen:profile:impl:processDebugManifest UP-TO-DATE
> Task :multiplatform:screen:welcome:impl:extractDeepLinksDebug UP-TO-DATE
> Task :server:fake:compileDebugLibraryResources UP-TO-DATE
> Task :multiplatform:screen:welcome:api:processDebugManifest UP-TO-DATE
> Task :multiplatform:di:scope:compileDebugLibraryResources UP-TO-DATE
> Task :server:api:parseDebugLocalResources UP-TO-DATE
> Task :multiplatform:app:context:parseDebugLocalResources UP-TO-DATE
> Task :multiplatform:foundation:coroutines:compileDebugLibraryResources UP-TO-DATE
> Task :multiplatform:app:core:parseDebugLocalResources UP-TO-DATE
> Task :server:fake:parseDebugLocalResources UP-TO-DATE
> Task :multiplatform:screen:welcome:impl:processDebugManifest UP-TO-DATE
> Task :multiplatform:app:context:compileDebugLibraryResources UP-TO-DATE
> Task :server:api:compileDebugLibraryResources UP-TO-DATE
> Task :multiplatform:app:core:compileDebugLibraryResources UP-TO-DATE
> Task :multiplatform:foundation:coroutines:parseDebugLocalResources UP-TO-DATE
> Task :multiplatform:di:scope:parseDebugLocalResources UP-TO-DATE
> Task :multiplatform:foundation:networking:compileDebugLibraryResources UP-TO-DATE
> Task :multiplatform:app:context:generateDebugRFile UP-TO-DATE
> Task :multiplatform:app:core:generateDebugRFile UP-TO-DATE
> Task :multiplatform:foundation:designsystem:parseDebugLocalResources UP-TO-DATE
> Task :multiplatform:foundation:designsystem:compileDebugLibraryResources UP-TO-DATE
> Task :multiplatform:foundation:logging:parseDebugLocalResources UP-TO-DATE
> Task :multiplatform:model:db:compileDebugLibraryResources UP-TO-DATE
> Task :server:api:generateDebugRFile UP-TO-DATE
> Task :multiplatform:model:db:parseDebugLocalResources UP-TO-DATE
> Task :multiplatform:di:scope:generateDebugRFile UP-TO-DATE
> Task :multiplatform:foundation:networking:parseDebugLocalResources UP-TO-DATE
> Task :multiplatform:model:db:generateDebugRFile UP-TO-DATE
> Task :multiplatform:foundation:parcel:parseDebugLocalResources UP-TO-DATE
> Task :server:fake:generateDebugRFile UP-TO-DATE
> Task :multiplatform:model:domain:parseDebugLocalResources UP-TO-DATE
> Task :multiplatform:foundation:logging:compileDebugLibraryResources UP-TO-DATE
> Task :multiplatform:foundation:coroutines:generateDebugRFile UP-TO-DATE
> Task :multiplatform:model:domain:compileDebugLibraryResources UP-TO-DATE
> Task :multiplatform:foundation:parcel:compileDebugLibraryResources UP-TO-DATE
> Task :multiplatform:model:network:compileDebugLibraryResources UP-TO-DATE
> Task :multiplatform:foundation:networking:generateDebugRFile UP-TO-DATE
> Task :multiplatform:app:bootstrap:api:compileDebugLibraryResources UP-TO-DATE
> Task :multiplatform:app:bootstrap:impl:compileDebugLibraryResources UP-TO-DATE
> Task :multiplatform:model:network:parseDebugLocalResources UP-TO-DATE
> Task :multiplatform:app:bootstrap:api:parseDebugLocalResources UP-TO-DATE
> Task :multiplatform:app:scaffold:impl:compileDebugLibraryResources UP-TO-DATE
> Task :multiplatform:foundation:logging:generateDebugRFile UP-TO-DATE
> Task :multiplatform:app:scaffold:impl:parseDebugLocalResources UP-TO-DATE
> Task :multiplatform:app:scaffold:api:compileDebugLibraryResources UP-TO-DATE
> Task :multiplatform:data:auth:api:compileDebugLibraryResources UP-TO-DATE
> Task :multiplatform:model:domain:generateDebugRFile UP-TO-DATE
> Task :multiplatform:data:devsettings:api:compileDebugLibraryResources UP-TO-DATE
> Task :multiplatform:data:auth:impl:compileDebugLibraryResources UP-TO-DATE
> Task :multiplatform:model:network:generateDebugRFile UP-TO-DATE
> Task :multiplatform:app:scaffold:impl:generateDebugRFile UP-TO-DATE
> Task :multiplatform:data:auth:api:parseDebugLocalResources UP-TO-DATE
> Task :multiplatform:app:scaffold:api:parseDebugLocalResources UP-TO-DATE
> Task :multiplatform:data:auth:impl:parseDebugLocalResources UP-TO-DATE
> Task :multiplatform:app:bootstrap:impl:parseDebugLocalResources UP-TO-DATE
> Task :multiplatform:data:post:api:compileDebugLibraryResources UP-TO-DATE
> Task :multiplatform:foundation:designsystem:generateDebugRFile UP-TO-DATE
> Task :multiplatform:app:bootstrap:api:generateDebugRFile UP-TO-DATE
> Task :multiplatform:data:auth:api:generateDebugRFile UP-TO-DATE
> Task :multiplatform:data:post:impl:compileDebugLibraryResources UP-TO-DATE
> Task :multiplatform:foundation:parcel:generateDebugRFile UP-TO-DATE
> Task :multiplatform:data:devsettings:impl:compileDebugLibraryResources UP-TO-DATE
> Task :multiplatform:data:devsettings:api:parseDebugLocalResources UP-TO-DATE
> Task :multiplatform:app:bootstrap:impl:generateDebugRFile UP-TO-DATE
> Task :multiplatform:data:auth:impl:generateDebugRFile UP-TO-DATE
> Task :multiplatform:data:trail:api:parseDebugLocalResources UP-TO-DATE
> Task :multiplatform:data:trail:api:compileDebugLibraryResources UP-TO-DATE
> Task :multiplatform:data:post:api:parseDebugLocalResources UP-TO-DATE
> Task :multiplatform:data:post:impl:parseDebugLocalResources UP-TO-DATE
> Task :multiplatform:data:devsettings:impl:parseDebugLocalResources UP-TO-DATE
> Task :multiplatform:app:scaffold:api:generateDebugRFile UP-TO-DATE
> Task :multiplatform:data:user:impl:parseDebugLocalResources UP-TO-DATE
> Task :multiplatform:data:trail:impl:compileDebugLibraryResources UP-TO-DATE
> Task :multiplatform:data:trail:api:generateDebugRFile UP-TO-DATE
> Task :multiplatform:data:user:impl:compileDebugLibraryResources UP-TO-DATE
> Task :multiplatform:data:devsettings:api:generateDebugRFile UP-TO-DATE
> Task :multiplatform:di:graph:app:compileDebugLibraryResources UP-TO-DATE
> Task :multiplatform:data:trail:impl:parseDebugLocalResources UP-TO-DATE
> Task :multiplatform:data:user:impl:generateDebugRFile UP-TO-DATE
> Task :multiplatform:data:user:api:parseDebugLocalResources UP-TO-DATE
> Task :multiplatform:data:user:api:compileDebugLibraryResources UP-TO-DATE
> Task :multiplatform:di:graph:active:compileDebugLibraryResources UP-TO-DATE
> Task :multiplatform:di:graph:active:parseDebugLocalResources UP-TO-DATE
> Task :multiplatform:data:post:api:generateDebugRFile UP-TO-DATE
> Task :multiplatform:data:devsettings:impl:generateDebugRFile UP-TO-DATE
> Task :multiplatform:data:post:impl:generateDebugRFile UP-TO-DATE
> Task :multiplatform:di:graph:inactive:compileDebugLibraryResources UP-TO-DATE
> Task :multiplatform:di:graph:loggedout:compileDebugLibraryResources UP-TO-DATE
> Task :multiplatform:data:user:api:generateDebugRFile UP-TO-DATE
> Task :multiplatform:data:trail:impl:generateDebugRFile UP-TO-DATE
> Task :multiplatform:di:graph:loggedin:compileDebugLibraryResources UP-TO-DATE
> Task :multiplatform:feat:filters:api:compileDebugLibraryResources UP-TO-DATE
> Task :multiplatform:di:graph:loggedout:parseDebugLocalResources UP-TO-DATE
> Task :multiplatform:feat:filters:impl:compileDebugLibraryResources UP-TO-DATE
> Task :multiplatform:di:graph:loggedin:parseDebugLocalResources UP-TO-DATE
> Task :multiplatform:feat:filters:api:parseDebugLocalResources UP-TO-DATE
> Task :multiplatform:di:graph:active:generateDebugRFile UP-TO-DATE
> Task :multiplatform:feat:filters:impl:parseDebugLocalResources UP-TO-DATE
> Task :multiplatform:di:graph:app:parseDebugLocalResources UP-TO-DATE
> Task :multiplatform:feat:savetrail:api:compileDebugLibraryResources UP-TO-DATE
> Task :multiplatform:feat:savetrail:impl:compileDebugLibraryResources UP-TO-DATE
> Task :multiplatform:feat:savetrail:api:parseDebugLocalResources UP-TO-DATE
> Task :multiplatform:screen:activity:api:compileDebugLibraryResources UP-TO-DATE
> Task :multiplatform:di:graph:loggedin:generateDebugRFile UP-TO-DATE
> Task :multiplatform:di:graph:inactive:parseDebugLocalResources UP-TO-DATE
> Task :multiplatform:screen:activity:api:parseDebugLocalResources UP-TO-DATE
> Task :multiplatform:feat:savetrail:impl:parseDebugLocalResources UP-TO-DATE
> Task :multiplatform:feat:savetrail:api:generateDebugRFile UP-TO-DATE
> Task :multiplatform:screen:activity:impl:compileDebugLibraryResources UP-TO-DATE
> Task :multiplatform:di:graph:app:generateDebugRFile UP-TO-DATE
> Task :multiplatform:di:graph:loggedout:generateDebugRFile UP-TO-DATE
> Task :multiplatform:screen:collection:impl:compileDebugLibraryResources UP-TO-DATE
> Task :multiplatform:feat:filters:api:generateDebugRFile UP-TO-DATE
> Task :multiplatform:screen:collection:api:compileDebugLibraryResources UP-TO-DATE
> Task :multiplatform:screen:explore:api:compileDebugLibraryResources UP-TO-DATE
> Task :multiplatform:feat:filters:impl:generateDebugRFile UP-TO-DATE
> Task :apps:android:checkDebugAarMetadata UP-TO-DATE
> Task :multiplatform:screen:activity:impl:parseDebugLocalResources UP-TO-DATE
> Task :multiplatform:screen:activity:api:generateDebugRFile UP-TO-DATE
> Task :multiplatform:screen:collection:api:parseDebugLocalResources UP-TO-DATE
> Task :multiplatform:screen:collection:impl:parseDebugLocalResources UP-TO-DATE
> Task :multiplatform:screen:explore:api:parseDebugLocalResources UP-TO-DATE
> Task :multiplatform:screen:explore:impl:compileDebugLibraryResources UP-TO-DATE
> Task :multiplatform:screen:explore:impl:parseDebugLocalResources UP-TO-DATE
> Task :multiplatform:screen:foryou:api:compileDebugLibraryResources UP-TO-DATE
> Task :multiplatform:screen:foryou:impl:compileDebugLibraryResources UP-TO-DATE
> Task :multiplatform:screen:foryou:impl:parseDebugLocalResources UP-TO-DATE
> Task :apps:android:mapDebugSourceSetPaths UP-TO-DATE
> Task :multiplatform:di:graph:inactive:generateDebugRFile UP-TO-DATE
> Task :multiplatform:feat:savetrail:impl:generateDebugRFile UP-TO-DATE
> Task :multiplatform:screen:foryou:api:parseDebugLocalResources UP-TO-DATE
> Task :multiplatform:screen:home:api:compileDebugLibraryResources UP-TO-DATE
> Task :multiplatform:screen:home:impl:compileDebugLibraryResources UP-TO-DATE
> Task :multiplatform:screen:collection:api:generateDebugRFile UP-TO-DATE
> Task :multiplatform:screen:collection:impl:generateDebugRFile UP-TO-DATE
> Task :multiplatform:screen:navigate:api:compileDebugLibraryResources UP-TO-DATE
> Task :multiplatform:screen:explore:api:generateDebugRFile UP-TO-DATE
> Task :multiplatform:screen:home:impl:parseDebugLocalResources UP-TO-DATE
> Task :multiplatform:screen:activity:impl:generateDebugRFile UP-TO-DATE
> Task :multiplatform:screen:home:api:parseDebugLocalResources UP-TO-DATE
> Task :apps:android:mergeDebugResources UP-TO-DATE
> Task :multiplatform:screen:navigate:impl:compileDebugLibraryResources UP-TO-DATE
> Task :multiplatform:screen:navigate:api:parseDebugLocalResources UP-TO-DATE
> Task :multiplatform:screen:prelanding:api:compileDebugLibraryResources UP-TO-DATE
> Task :multiplatform:screen:profile:api:compileDebugLibraryResources UP-TO-DATE
> Task :multiplatform:screen:explore:impl:generateDebugRFile UP-TO-DATE
> Task :multiplatform:screen:prelanding:api:parseDebugLocalResources UP-TO-DATE
> Task :multiplatform:screen:navigate:impl:parseDebugLocalResources UP-TO-DATE
> Task :multiplatform:screen:profile:api:parseDebugLocalResources UP-TO-DATE
> Task :multiplatform:screen:profile:impl:compileDebugLibraryResources UP-TO-DATE
> Task :multiplatform:screen:saved:api:compileDebugLibraryResources UP-TO-DATE
> Task :multiplatform:screen:foryou:api:generateDebugRFile UP-TO-DATE
> Task :multiplatform:screen:traildetail:api:compileDebugLibraryResources UP-TO-DATE
> Task :multiplatform:screen:home:api:generateDebugRFile UP-TO-DATE
> Task :multiplatform:screen:foryou:impl:generateDebugRFile UP-TO-DATE
> Task :multiplatform:screen:traildetail:impl:compileDebugLibraryResources UP-TO-DATE
> Task :multiplatform:screen:saved:impl:compileDebugLibraryResources UP-TO-DATE
> Task :multiplatform:screen:traildetail:impl:parseDebugLocalResources UP-TO-DATE
> Task :multiplatform:screen:welcome:api:compileDebugLibraryResources UP-TO-DATE
> Task :multiplatform:screen:traildetail:api:parseDebugLocalResources UP-TO-DATE
> Task :multiplatform:screen:home:impl:generateDebugRFile UP-TO-DATE
> Task :multiplatform:screen:saved:api:parseDebugLocalResources UP-TO-DATE
> Task :multiplatform:screen:welcome:impl:compileDebugLibraryResources UP-TO-DATE
> Task :multiplatform:screen:profile:impl:parseDebugLocalResources UP-TO-DATE
> Task :multiplatform:screen:saved:impl:parseDebugLocalResources UP-TO-DATE
> Task :multiplatform:screen:welcome:impl:parseDebugLocalResources UP-TO-DATE
> Task :multiplatform:screen:navigate:impl:generateDebugRFile UP-TO-DATE
> Task :multiplatform:screen:welcome:api:parseDebugLocalResources UP-TO-DATE
> Task :multiplatform:screen:prelanding:api:generateDebugRFile UP-TO-DATE
> Task :multiplatform:screen:navigate:api:generateDebugRFile UP-TO-DATE
> Task :multiplatform:screen:profile:api:generateDebugRFile UP-TO-DATE
> Task :server:api:javaPreCompileDebug UP-TO-DATE
> Task :multiplatform:screen:traildetail:impl:generateDebugRFile UP-TO-DATE
> Task :server:fake:kmpPartiallyResolvedDependenciesChecker
> Task :multiplatform:screen:saved:api:generateDebugRFile UP-TO-DATE
> Task :multiplatform:app:context:kmpPartiallyResolvedDependenciesChecker
> Task :server:api:kmpPartiallyResolvedDependenciesChecker
> Task :multiplatform:screen:traildetail:api:generateDebugRFile UP-TO-DATE
> Task :multiplatform:app:context:copyNonXmlValueResourcesForAndroidMain NO-SOURCE
> Task :server:fake:checkKotlinGradlePluginConfigurationErrors SKIPPED
> Task :multiplatform:app:context:copyNonXmlValueResourcesForCommonMain NO-SOURCE
> Task :multiplatform:screen:profile:impl:generateDebugRFile UP-TO-DATE
> Task :server:fake:javaPreCompileDebug UP-TO-DATE
> Task :server:api:checkKotlinGradlePluginConfigurationErrors SKIPPED
> Task :multiplatform:screen:welcome:impl:generateDebugRFile UP-TO-DATE
> Task :multiplatform:app:context:convertXmlValueResourcesForAndroidMain NO-SOURCE
> Task :multiplatform:app:context:generateComposeResClass UP-TO-DATE
> Task :multiplatform:app:context:checkKotlinGradlePluginConfigurationErrors SKIPPED
> Task :multiplatform:screen:welcome:api:generateDebugRFile UP-TO-DATE
> Task :multiplatform:screen:saved:impl:generateDebugRFile UP-TO-DATE
> Task :multiplatform:app:context:copyNonXmlValueResourcesForAndroidDebug NO-SOURCE
> Task :multiplatform:app:context:generateExpectResourceCollectorsForCommonMain UP-TO-DATE
> Task :multiplatform:foundation:parcel:javaPreCompileDebug UP-TO-DATE
> Task :multiplatform:app:context:convertXmlValueResourcesForCommonMain NO-SOURCE
> Task :multiplatform:app:context:prepareComposeResourcesTaskForAndroidMain NO-SOURCE
> Task :multiplatform:app:context:javaPreCompileDebug UP-TO-DATE
> Task :multiplatform:app:context:convertXmlValueResourcesForAndroidDebug NO-SOURCE
> Task :multiplatform:foundation:parcel:kmpPartiallyResolvedDependenciesChecker
> Task :multiplatform:app:core:convertXmlValueResourcesForCommonMain NO-SOURCE
> Task :multiplatform:app:core:convertXmlValueResourcesForAndroidMain NO-SOURCE
> Task :multiplatform:app:core:convertXmlValueResourcesForAndroidDebug NO-SOURCE
> Task :multiplatform:app:core:generateExpectResourceCollectorsForCommonMain UP-TO-DATE
> Task :multiplatform:app:core:generateComposeResClass UP-TO-DATE
> Task :multiplatform:foundation:parcel:checkKotlinGradlePluginConfigurationErrors SKIPPED
> Task :multiplatform:app:core:copyNonXmlValueResourcesForCommonMain NO-SOURCE
> Task :multiplatform:app:core:kmpPartiallyResolvedDependenciesChecker
> Task :multiplatform:app:core:copyNonXmlValueResourcesForAndroidDebug NO-SOURCE
> Task :multiplatform:app:core:copyNonXmlValueResourcesForAndroidMain NO-SOURCE
> Task :multiplatform:app:core:checkKotlinGradlePluginConfigurationErrors SKIPPED
> Task :multiplatform:di:scope:javaPreCompileDebug UP-TO-DATE
> Task :multiplatform:app:context:prepareComposeResourcesTaskForCommonMain NO-SOURCE
> Task :multiplatform:app:context:generateResourceAccessorsForAndroidMain NO-SOURCE
> Task :multiplatform:di:scope:kmpPartiallyResolvedDependenciesChecker
> Task :multiplatform:app:core:prepareComposeResourcesTaskForAndroidMain NO-SOURCE
> Task :multiplatform:app:context:generateResourceAccessorsForCommonMain NO-SOURCE
> Task :multiplatform:app:core:prepareComposeResourcesTaskForCommonMain NO-SOURCE
> Task :multiplatform:app:core:generateResourceAccessorsForAndroidMain NO-SOURCE
> Task :multiplatform:foundation:designsystem:kmpPartiallyResolvedDependenciesChecker
> Task :multiplatform:foundation:designsystem:checkKotlinGradlePluginConfigurationErrors SKIPPED
> Task :multiplatform:app:context:prepareComposeResourcesTaskForAndroidDebug NO-SOURCE
> Task :multiplatform:app:core:generateResourceAccessorsForCommonMain NO-SOURCE
> Task :multiplatform:foundation:networking:kmpPartiallyResolvedDependenciesChecker
> Task :multiplatform:app:context:generateActualResourceCollectorsForAndroidMain UP-TO-DATE
> Task :multiplatform:foundation:designsystem:generateComposeResClass UP-TO-DATE
> Task :multiplatform:di:scope:checkKotlinGradlePluginConfigurationErrors SKIPPED
> Task :multiplatform:foundation:networking:convertXmlValueResourcesForAndroidMain NO-SOURCE
> Task :multiplatform:app:context:generateResourceAccessorsForAndroidDebug NO-SOURCE
> Task :multiplatform:foundation:networking:checkKotlinGradlePluginConfigurationErrors SKIPPED
> Task :multiplatform:foundation:designsystem:convertXmlValueResourcesForAndroidDebug NO-SOURCE
> Task :multiplatform:foundation:designsystem:generateExpectResourceCollectorsForCommonMain UP-TO-DATE
> Task :multiplatform:foundation:designsystem:convertXmlValueResourcesForAndroidMain NO-SOURCE
> Task :multiplatform:app:core:prepareComposeResourcesTaskForAndroidDebug NO-SOURCE
> Task :multiplatform:foundation:networking:copyNonXmlValueResourcesForAndroidMain NO-SOURCE
> Task :multiplatform:foundation:designsystem:convertXmlValueResourcesForCommonMain NO-SOURCE
> Task :multiplatform:app:core:generateActualResourceCollectorsForAndroidMain UP-TO-DATE
> Task :multiplatform:foundation:networking:convertXmlValueResourcesForCommonMain NO-SOURCE
> Task :multiplatform:app:core:generateResourceAccessorsForAndroidDebug NO-SOURCE
> Task :multiplatform:foundation:networking:generateExpectResourceCollectorsForCommonMain UP-TO-DATE
> Task :multiplatform:foundation:networking:prepareComposeResourcesTaskForAndroidMain NO-SOURCE
> Task :multiplatform:foundation:networking:generateComposeResClass UP-TO-DATE
> Task :multiplatform:foundation:networking:javaPreCompileDebug UP-TO-DATE
> Task :multiplatform:foundation:designsystem:copyNonXmlValueResourcesForAndroidMain NO-SOURCE
> Task :multiplatform:foundation:networking:convertXmlValueResourcesForAndroidDebug NO-SOURCE
> Task :multiplatform:foundation:networking:generateResourceAccessorsForAndroidMain NO-SOURCE
> Task :multiplatform:foundation:designsystem:javaPreCompileDebug UP-TO-DATE
> Task :multiplatform:foundation:logging:javaPreCompileDebug UP-TO-DATE
> Task :multiplatform:foundation:logging:kmpPartiallyResolvedDependenciesChecker
> Task :multiplatform:model:db:convertXmlValueResourcesForAndroidMain NO-SOURCE
> Task :multiplatform:model:db:kmpPartiallyResolvedDependenciesChecker
> Task :multiplatform:foundation:designsystem:prepareComposeResourcesTaskForAndroidMain NO-SOURCE
> Task :multiplatform:foundation:logging:checkKotlinGradlePluginConfigurationErrors SKIPPED
> Task :multiplatform:foundation:networking:copyNonXmlValueResourcesForAndroidDebug NO-SOURCE
> Task :multiplatform:foundation:designsystem:copyNonXmlValueResourcesForAndroidDebug NO-SOURCE
> Task :multiplatform:foundation:networking:copyNonXmlValueResourcesForCommonMain NO-SOURCE
> Task :multiplatform:model:db:generateComposeResClass UP-TO-DATE
> Task :multiplatform:model:db:convertXmlValueResourcesForCommonMain NO-SOURCE
> Task :multiplatform:model:db:checkKotlinGradlePluginConfigurationErrors SKIPPED
> Task :multiplatform:foundation:designsystem:generateResourceAccessorsForAndroidMain NO-SOURCE
> Task :multiplatform:model:db:generateCommonMainTrailsDatabaseInterface UP-TO-DATE
> Task :multiplatform:model:db:copyNonXmlValueResourcesForCommonMain NO-SOURCE
> Task :multiplatform:model:db:generateExpectResourceCollectorsForCommonMain UP-TO-DATE
> Task :multiplatform:foundation:networking:prepareComposeResourcesTaskForAndroidDebug NO-SOURCE
> Task :multiplatform:model:db:convertXmlValueResourcesForAndroidDebug NO-SOURCE
> Task :multiplatform:model:db:copyNonXmlValueResourcesForAndroidMain NO-SOURCE
> Task :multiplatform:model:db:javaPreCompileDebug UP-TO-DATE
> Task :multiplatform:model:domain:convertXmlValueResourcesForCommonMain NO-SOURCE
> Task :multiplatform:model:db:copyNonXmlValueResourcesForAndroidDebug NO-SOURCE
> Task :multiplatform:foundation:networking:prepareComposeResourcesTaskForCommonMain NO-SOURCE
> Task :multiplatform:foundation:networking:generateResourceAccessorsForAndroidDebug NO-SOURCE
> Task :multiplatform:foundation:designsystem:prepareComposeResourcesTaskForAndroidDebug NO-SOURCE
> Task :multiplatform:model:domain:copyNonXmlValueResourcesForCommonMain NO-SOURCE
> Task :multiplatform:model:domain:kmpPartiallyResolvedDependenciesChecker
> Task :multiplatform:model:db:prepareComposeResourcesTaskForAndroidMain NO-SOURCE
> Task :multiplatform:foundation:parcel:compileDebugKotlinAndroid UP-TO-DATE
> Task :multiplatform:model:domain:generateComposeResClass UP-TO-DATE
> Task :multiplatform:model:domain:checkKotlinGradlePluginConfigurationErrors SKIPPED
> Task :multiplatform:model:domain:convertXmlValueResourcesForAndroidMain NO-SOURCE
> Task :multiplatform:model:db:generateResourceAccessorsForAndroidMain NO-SOURCE
> Task :multiplatform:foundation:designsystem:generateResourceAccessorsForAndroidDebug NO-SOURCE
> Task :server:api:compileDebugKotlinAndroid UP-TO-DATE
> Task :multiplatform:model:db:prepareComposeResourcesTaskForCommonMain NO-SOURCE
> Task :multiplatform:foundation:networking:generateResourceAccessorsForCommonMain NO-SOURCE
> Task :multiplatform:model:db:prepareComposeResourcesTaskForAndroidDebug NO-SOURCE
> Task :multiplatform:model:domain:javaPreCompileDebug UP-TO-DATE
> Task :multiplatform:di:scope:compileDebugKotlinAndroid UP-TO-DATE
> Task :multiplatform:model:domain:copyNonXmlValueResourcesForAndroidMain NO-SOURCE
> Task :multiplatform:model:domain:prepareComposeResourcesTaskForCommonMain NO-SOURCE
> Task :multiplatform:foundation:networking:generateActualResourceCollectorsForAndroidMain UP-TO-DATE
> Task :multiplatform:foundation:parcel:compileDebugJavaWithJavac NO-SOURCE
> Task :multiplatform:model:db:generateResourceAccessorsForAndroidDebug NO-SOURCE
> Task :multiplatform:model:domain:generateExpectResourceCollectorsForCommonMain UP-TO-DATE
> Task :multiplatform:model:domain:convertXmlValueResourcesForAndroidDebug NO-SOURCE
> Task :server:api:compileDebugJavaWithJavac NO-SOURCE
> Task :multiplatform:model:network:convertXmlValueResourcesForAndroidMain NO-SOURCE
> Task :multiplatform:model:db:generateResourceAccessorsForCommonMain NO-SOURCE
> Task :multiplatform:model:network:kmpPartiallyResolvedDependenciesChecker
> Task :multiplatform:model:domain:copyNonXmlValueResourcesForAndroidDebug NO-SOURCE
> Task :multiplatform:model:network:convertXmlValueResourcesForCommonMain NO-SOURCE
> Task :multiplatform:model:network:generateComposeResClass UP-TO-DATE
> Task :server:api:bundleLibCompileToJarDebug UP-TO-DATE
> Task :multiplatform:foundation:parcel:bundleLibCompileToJarDebug UP-TO-DATE
> Task :multiplatform:model:domain:prepareComposeResourcesTaskForAndroidMain NO-SOURCE
> Task :multiplatform:model:network:copyNonXmlValueResourcesForAndroidMain NO-SOURCE
> Task :multiplatform:model:domain:generateResourceAccessorsForCommonMain NO-SOURCE
> Task :multiplatform:model:network:copyNonXmlValueResourcesForCommonMain NO-SOURCE
> Task :multiplatform:model:db:generateActualResourceCollectorsForAndroidMain UP-TO-DATE
> Task :multiplatform:model:network:checkKotlinGradlePluginConfigurationErrors SKIPPED
> Task :multiplatform:model:network:generateExpectResourceCollectorsForCommonMain UP-TO-DATE
> Task :multiplatform:di:scope:compileDebugJavaWithJavac NO-SOURCE
> Task :multiplatform:foundation:logging:compileDebugKotlinAndroid UP-TO-DATE
> Task :multiplatform:model:network:convertXmlValueResourcesForAndroidDebug NO-SOURCE
> Task :multiplatform:model:network:prepareComposeResourcesTaskForAndroidMain NO-SOURCE
> Task :multiplatform:app:context:kspDebugKotlinAndroid SKIPPED
> Task :multiplatform:model:domain:prepareComposeResourcesTaskForAndroidDebug NO-SOURCE
> Task :multiplatform:app:bootstrap:api:kmpPartiallyResolvedDependenciesChecker
> Task :multiplatform:model:network:copyNonXmlValueResourcesForAndroidDebug NO-SOURCE
> Task :multiplatform:model:domain:generateResourceAccessorsForAndroidMain NO-SOURCE
> Task :multiplatform:model:network:javaPreCompileDebug UP-TO-DATE
> Task :multiplatform:app:bootstrap:api:checkKotlinGradlePluginConfigurationErrors SKIPPED
> Task :multiplatform:model:network:prepareComposeResourcesTaskForCommonMain NO-SOURCE
> Task :multiplatform:app:scaffold:api:copyNonXmlValueResourcesForAndroidMain NO-SOURCE
> Task :multiplatform:app:scaffold:api:convertXmlValueResourcesForAndroidMain NO-SOURCE
> Task :multiplatform:model:domain:generateResourceAccessorsForAndroidDebug NO-SOURCE
> Task :multiplatform:model:network:generateResourceAccessorsForAndroidMain NO-SOURCE
> Task :multiplatform:app:scaffold:api:convertXmlValueResourcesForCommonMain NO-SOURCE
> Task :multiplatform:di:scope:bundleLibCompileToJarDebug UP-TO-DATE
> Task :multiplatform:app:scaffold:api:kmpPartiallyResolvedDependenciesChecker
> Task :multiplatform:app:scaffold:api:prepareComposeResourcesTaskForAndroidMain NO-SOURCE
> Task :multiplatform:model:domain:generateActualResourceCollectorsForAndroidMain UP-TO-DATE
> Task :multiplatform:app:scaffold:api:convertXmlValueResourcesForAndroidDebug NO-SOURCE
> Task :multiplatform:app:scaffold:api:generateComposeResClass UP-TO-DATE
> Task :multiplatform:app:scaffold:api:generateResourceAccessorsForAndroidMain NO-SOURCE
> Task :multiplatform:app:scaffold:api:generateExpectResourceCollectorsForCommonMain UP-TO-DATE
> Task :multiplatform:model:network:prepareComposeResourcesTaskForAndroidDebug NO-SOURCE
> Task :multiplatform:model:network:generateResourceAccessorsForCommonMain NO-SOURCE
> Task :multiplatform:app:scaffold:api:copyNonXmlValueResourcesForCommonMain NO-SOURCE
> Task :multiplatform:foundation:logging:compileDebugJavaWithJavac NO-SOURCE
> Task :multiplatform:app:scaffold:api:checkKotlinGradlePluginConfigurationErrors SKIPPED
> Task :multiplatform:app:scaffold:api:copyNonXmlValueResourcesForAndroidDebug NO-SOURCE
> Task :multiplatform:foundation:networking:kspDebugKotlinAndroid SKIPPED
> Task :multiplatform:app:scaffold:impl:convertXmlValueResourcesForAndroidMain NO-SOURCE
> Task :multiplatform:model:db:kspDebugKotlinAndroid SKIPPED
> Task :multiplatform:app:scaffold:api:prepareComposeResourcesTaskForCommonMain NO-SOURCE
> Task :multiplatform:model:domain:kspDebugKotlinAndroid SKIPPED
> Task :multiplatform:app:scaffold:api:javaPreCompileDebug UP-TO-DATE
> Task :multiplatform:model:network:generateResourceAccessorsForAndroidDebug NO-SOURCE
> Task :multiplatform:foundation:logging:bundleLibCompileToJarDebug UP-TO-DATE
> Task :multiplatform:app:scaffold:impl:kmpPartiallyResolvedDependenciesChecker
> Task :multiplatform:app:scaffold:impl:convertXmlValueResourcesForCommonMain NO-SOURCE
> Task :multiplatform:app:scaffold:impl:copyNonXmlValueResourcesForAndroidMain NO-SOURCE
> Task :multiplatform:app:scaffold:api:prepareComposeResourcesTaskForAndroidDebug NO-SOURCE
> Task :multiplatform:app:scaffold:impl:checkKotlinGradlePluginConfigurationErrors SKIPPED
> Task :multiplatform:app:scaffold:impl:generateExpectResourceCollectorsForCommonMain UP-TO-DATE
> Task :multiplatform:app:scaffold:impl:convertXmlValueResourcesForAndroidDebug NO-SOURCE
> Task :multiplatform:model:network:generateActualResourceCollectorsForAndroidMain UP-TO-DATE
> Task :multiplatform:app:scaffold:impl:generateComposeResClass UP-TO-DATE
> Task :multiplatform:app:scaffold:impl:copyNonXmlValueResourcesForCommonMain NO-SOURCE
> Task :multiplatform:screen:home:api:convertXmlValueResourcesForAndroidMain NO-SOURCE
> Task :multiplatform:app:scaffold:api:generateResourceAccessorsForAndroidDebug NO-SOURCE
> Task :multiplatform:app:scaffold:api:generateResourceAccessorsForCommonMain NO-SOURCE
> Task :multiplatform:app:scaffold:impl:prepareComposeResourcesTaskForAndroidMain NO-SOURCE
> Task :multiplatform:screen:home:api:copyNonXmlValueResourcesForCommonMain NO-SOURCE
> Task :multiplatform:screen:home:api:kmpPartiallyResolvedDependenciesChecker
> Task :multiplatform:screen:home:api:checkKotlinGradlePluginConfigurationErrors SKIPPED
> Task :multiplatform:app:scaffold:impl:copyNonXmlValueResourcesForAndroidDebug NO-SOURCE
> Task :multiplatform:screen:home:api:convertXmlValueResourcesForCommonMain NO-SOURCE
> Task :multiplatform:screen:home:api:copyNonXmlValueResourcesForAndroidMain NO-SOURCE
> Task :multiplatform:app:scaffold:api:generateActualResourceCollectorsForAndroidMain UP-TO-DATE
> Task :multiplatform:app:scaffold:impl:prepareComposeResourcesTaskForAndroidDebug NO-SOURCE
> Task :multiplatform:app:scaffold:impl:prepareComposeResourcesTaskForCommonMain NO-SOURCE
> Task :multiplatform:screen:home:api:prepareComposeResourcesTaskForAndroidMain NO-SOURCE
> Task :multiplatform:screen:home:api:generateComposeResClass UP-TO-DATE
> Task :server:fake:compileDebugKotlinAndroid UP-TO-DATE
> Task :multiplatform:app:scaffold:impl:generateResourceAccessorsForAndroidMain NO-SOURCE
> Task :multiplatform:app:scaffold:impl:generateResourceAccessorsForCommonMain NO-SOURCE
> Task :multiplatform:screen:home:api:prepareComposeResourcesTaskForCommonMain NO-SOURCE
> Task :multiplatform:foundation:designsystem:copyNonXmlValueResourcesForCommonMain UP-TO-DATE
> Task :multiplatform:screen:home:api:generateResourceAccessorsForAndroidMain NO-SOURCE
> Task :multiplatform:app:scaffold:impl:generateResourceAccessorsForAndroidDebug NO-SOURCE
> Task :multiplatform:screen:home:api:convertXmlValueResourcesForAndroidDebug NO-SOURCE
> Task :multiplatform:screen:profile:api:convertXmlValueResourcesForCommonMain NO-SOURCE
> Task :multiplatform:screen:home:api:javaPreCompileDebug UP-TO-DATE
> Task :multiplatform:screen:home:api:generateResourceAccessorsForCommonMain NO-SOURCE
> Task :multiplatform:screen:home:api:copyNonXmlValueResourcesForAndroidDebug NO-SOURCE
> Task :multiplatform:screen:home:api:generateExpectResourceCollectorsForCommonMain UP-TO-DATE
> Task :multiplatform:screen:profile:api:convertXmlValueResourcesForAndroidMain NO-SOURCE
> Task :multiplatform:screen:profile:api:kmpPartiallyResolvedDependenciesChecker
> Task :server:fake:compileDebugJavaWithJavac NO-SOURCE
> Task :multiplatform:screen:home:api:generateActualResourceCollectorsForAndroidMain UP-TO-DATE
> Task :multiplatform:screen:profile:api:copyNonXmlValueResourcesForCommonMain NO-SOURCE
> Task :multiplatform:screen:profile:api:generateComposeResClass UP-TO-DATE
> Task :multiplatform:app:scaffold:impl:generateActualResourceCollectorsForAndroidMain UP-TO-DATE
> Task :multiplatform:foundation:designsystem:prepareComposeResourcesTaskForCommonMain UP-TO-DATE
> Task :multiplatform:screen:profile:api:checkKotlinGradlePluginConfigurationErrors SKIPPED
> Task :multiplatform:screen:home:api:prepareComposeResourcesTaskForAndroidDebug NO-SOURCE
> Task :multiplatform:data:trail:api:kmpPartiallyResolvedDependenciesChecker
> Task :multiplatform:screen:profile:api:copyNonXmlValueResourcesForAndroidMain NO-SOURCE
> Task :multiplatform:screen:profile:api:convertXmlValueResourcesForAndroidDebug NO-SOURCE
> Task :multiplatform:data:trail:api:checkKotlinGradlePluginConfigurationErrors SKIPPED
> Task :server:fake:bundleLibCompileToJarDebug UP-TO-DATE
> Task :multiplatform:screen:profile:api:copyNonXmlValueResourcesForAndroidDebug NO-SOURCE
> Task :multiplatform:screen:profile:api:prepareComposeResourcesTaskForAndroidMain NO-SOURCE
> Task :multiplatform:screen:profile:api:generateExpectResourceCollectorsForCommonMain UP-TO-DATE
> Task :multiplatform:app:scaffold:impl:javaPreCompileDebug UP-TO-DATE
> Task :multiplatform:data:trail:api:copyNonXmlValueResourcesForAndroidMain NO-SOURCE
> Task :multiplatform:screen:home:api:generateResourceAccessorsForAndroidDebug NO-SOURCE
> Task :multiplatform:foundation:designsystem:generateResourceAccessorsForCommonMain UP-TO-DATE
> Task :multiplatform:data:trail:api:convertXmlValueResourcesForAndroidMain NO-SOURCE
> Task :multiplatform:data:trail:api:generateExpectResourceCollectorsForCommonMain UP-TO-DATE
> Task :multiplatform:screen:profile:api:javaPreCompileDebug UP-TO-DATE
> Task :multiplatform:screen:profile:api:prepareComposeResourcesTaskForCommonMain NO-SOURCE
> Task :multiplatform:data:trail:api:convertXmlValueResourcesForCommonMain NO-SOURCE
> Task :multiplatform:screen:profile:api:prepareComposeResourcesTaskForAndroidDebug NO-SOURCE
> Task :multiplatform:screen:profile:api:generateResourceAccessorsForCommonMain NO-SOURCE
> Task :multiplatform:data:trail:api:convertXmlValueResourcesForAndroidDebug NO-SOURCE
> Task :multiplatform:di:graph:active:kmpPartiallyResolvedDependenciesChecker
> Task :multiplatform:di:graph:active:convertXmlValueResourcesForAndroidMain NO-SOURCE
> Task :multiplatform:screen:profile:api:generateResourceAccessorsForAndroidMain NO-SOURCE
> Task :multiplatform:data:trail:api:copyNonXmlValueResourcesForCommonMain NO-SOURCE
> Task :multiplatform:data:trail:api:generateComposeResClass UP-TO-DATE
> Task :multiplatform:data:trail:api:copyNonXmlValueResourcesForAndroidDebug NO-SOURCE
> Task :multiplatform:di:graph:active:checkKotlinGradlePluginConfigurationErrors SKIPPED
> Task :multiplatform:foundation:designsystem:generateActualResourceCollectorsForAndroidMain UP-TO-DATE
> Task :multiplatform:screen:profile:api:generateResourceAccessorsForAndroidDebug NO-SOURCE
> Task :multiplatform:data:trail:api:javaPreCompileDebug UP-TO-DATE
> Task :multiplatform:di:graph:active:convertXmlValueResourcesForCommonMain NO-SOURCE
> Task :multiplatform:data:trail:api:prepareComposeResourcesTaskForCommonMain NO-SOURCE
> Task :multiplatform:di:graph:active:copyNonXmlValueResourcesForAndroidMain NO-SOURCE
> Task :multiplatform:data:trail:api:prepareComposeResourcesTaskForAndroidDebug NO-SOURCE
> Task :multiplatform:data:trail:api:prepareComposeResourcesTaskForAndroidMain NO-SOURCE
> Task :multiplatform:di:graph:active:copyNonXmlValueResourcesForCommonMain NO-SOURCE
> Task :multiplatform:di:graph:active:generateComposeResClass UP-TO-DATE
> Task :multiplatform:di:graph:active:generateExpectResourceCollectorsForCommonMain UP-TO-DATE
> Task :multiplatform:di:graph:active:prepareComposeResourcesTaskForAndroidMain NO-SOURCE
> Task :multiplatform:feat:filters:api:convertXmlValueResourcesForAndroidMain NO-SOURCE
> Task :multiplatform:data:trail:api:generateResourceAccessorsForCommonMain NO-SOURCE
> Task :multiplatform:di:graph:active:generateResourceAccessorsForAndroidMain NO-SOURCE
> Task :multiplatform:di:graph:active:convertXmlValueResourcesForAndroidDebug NO-SOURCE
> Task :multiplatform:feat:filters:api:copyNonXmlValueResourcesForAndroidMain NO-SOURCE
> Task :multiplatform:data:trail:api:generateResourceAccessorsForAndroidDebug NO-SOURCE
> Task :multiplatform:di:graph:active:prepareComposeResourcesTaskForCommonMain NO-SOURCE
> Task :multiplatform:feat:filters:api:convertXmlValueResourcesForCommonMain NO-SOURCE
> Task :multiplatform:data:trail:api:generateResourceAccessorsForAndroidMain NO-SOURCE
> Task :multiplatform:feat:filters:api:generateComposeResClass UP-TO-DATE
> Task :multiplatform:screen:profile:api:generateActualResourceCollectorsForAndroidMain UP-TO-DATE
> Task :multiplatform:feat:filters:api:copyNonXmlValueResourcesForCommonMain NO-SOURCE
> Task :multiplatform:feat:filters:api:kmpPartiallyResolvedDependenciesChecker
> Task :multiplatform:feat:filters:api:convertXmlValueResourcesForAndroidDebug NO-SOURCE
> Task :multiplatform:feat:filters:api:generateExpectResourceCollectorsForCommonMain UP-TO-DATE
> Task :multiplatform:feat:filters:api:prepareComposeResourcesTaskForAndroidMain NO-SOURCE
> Task :multiplatform:feat:filters:impl:kmpPartiallyResolvedDependenciesChecker
> Task :multiplatform:di:graph:active:generateResourceAccessorsForCommonMain NO-SOURCE
> Task :multiplatform:feat:filters:api:copyNonXmlValueResourcesForAndroidDebug NO-SOURCE
> Task :multiplatform:di:graph:active:copyNonXmlValueResourcesForAndroidDebug NO-SOURCE
> Task :multiplatform:feat:filters:api:generateResourceAccessorsForAndroidMain NO-SOURCE
> Task :multiplatform:feat:filters:api:checkKotlinGradlePluginConfigurationErrors SKIPPED
> Task :multiplatform:feat:filters:api:javaPreCompileDebug UP-TO-DATE
> Task :multiplatform:di:graph:active:generateActualResourceCollectorsForAndroidMain UP-TO-DATE
> Task :multiplatform:feat:filters:impl:checkKotlinGradlePluginConfigurationErrors SKIPPED
> Task :multiplatform:feat:filters:impl:convertXmlValueResourcesForCommonMain NO-SOURCE
> Task :multiplatform:feat:filters:impl:convertXmlValueResourcesForAndroidDebug NO-SOURCE
> Task :multiplatform:feat:filters:impl:convertXmlValueResourcesForAndroidMain NO-SOURCE
> Task :multiplatform:feat:filters:impl:copyNonXmlValueResourcesForAndroidDebug NO-SOURCE
> Task :multiplatform:di:graph:active:prepareComposeResourcesTaskForAndroidDebug NO-SOURCE
> Task :multiplatform:feat:filters:impl:copyNonXmlValueResourcesForCommonMain NO-SOURCE
> Task :multiplatform:data:trail:api:generateActualResourceCollectorsForAndroidMain UP-TO-DATE
> Task :multiplatform:feat:savetrail:api:convertXmlValueResourcesForAndroidMain NO-SOURCE
> Task :multiplatform:feat:filters:impl:copyNonXmlValueResourcesForAndroidMain NO-SOURCE
> Task :multiplatform:di:graph:active:generateResourceAccessorsForAndroidDebug NO-SOURCE
> Task :multiplatform:feat:filters:api:prepareComposeResourcesTaskForCommonMain NO-SOURCE
> Task :multiplatform:feat:savetrail:api:kmpPartiallyResolvedDependenciesChecker
> Task :multiplatform:feat:savetrail:api:convertXmlValueResourcesForCommonMain NO-SOURCE
> Task :multiplatform:feat:filters:impl:generateExpectResourceCollectorsForCommonMain UP-TO-DATE
> Task :multiplatform:feat:filters:api:prepareComposeResourcesTaskForAndroidDebug NO-SOURCE
> Task :multiplatform:feat:filters:impl:prepareComposeResourcesTaskForCommonMain NO-SOURCE
> Task :multiplatform:feat:savetrail:api:copyNonXmlValueResourcesForAndroidMain NO-SOURCE
> Task :multiplatform:data:trail:api:kspDebugKotlinAndroid SKIPPED
> Task :multiplatform:feat:filters:impl:generateComposeResClass UP-TO-DATE
> Task :multiplatform:feat:filters:impl:prepareComposeResourcesTaskForAndroidDebug NO-SOURCE
> Task :multiplatform:feat:filters:impl:prepareComposeResourcesTaskForAndroidMain NO-SOURCE
> Task :multiplatform:feat:savetrail:api:checkKotlinGradlePluginConfigurationErrors SKIPPED
> Task :multiplatform:feat:savetrail:api:copyNonXmlValueResourcesForCommonMain NO-SOURCE
> Task :multiplatform:feat:filters:api:generateResourceAccessorsForAndroidDebug NO-SOURCE
> Task :multiplatform:feat:savetrail:api:prepareComposeResourcesTaskForAndroidMain NO-SOURCE
> Task :multiplatform:feat:savetrail:api:generateComposeResClass UP-TO-DATE
> Task :multiplatform:feat:filters:impl:generateResourceAccessorsForAndroidMain NO-SOURCE
> Task :multiplatform:feat:savetrail:api:prepareComposeResourcesTaskForCommonMain NO-SOURCE
> Task :multiplatform:feat:savetrail:api:generateResourceAccessorsForAndroidMain NO-SOURCE
> Task :multiplatform:feat:savetrail:api:generateExpectResourceCollectorsForCommonMain UP-TO-DATE
> Task :multiplatform:feat:filters:impl:generateResourceAccessorsForCommonMain NO-SOURCE
> Task :multiplatform:feat:filters:api:generateResourceAccessorsForCommonMain NO-SOURCE
> Task :multiplatform:feat:savetrail:api:javaPreCompileDebug UP-TO-DATE
> Task :multiplatform:feat:filters:impl:generateResourceAccessorsForAndroidDebug NO-SOURCE
> Task :multiplatform:feat:savetrail:impl:convertXmlValueResourcesForCommonMain NO-SOURCE
> Task :multiplatform:feat:savetrail:impl:copyNonXmlValueResourcesForAndroidMain NO-SOURCE
> Task :multiplatform:feat:savetrail:api:generateResourceAccessorsForCommonMain NO-SOURCE
> Task :multiplatform:feat:savetrail:api:convertXmlValueResourcesForAndroidDebug NO-SOURCE
> Task :multiplatform:feat:filters:impl:generateActualResourceCollectorsForAndroidMain UP-TO-DATE
> Task :multiplatform:feat:savetrail:api:copyNonXmlValueResourcesForAndroidDebug NO-SOURCE
> Task :multiplatform:feat:savetrail:api:generateActualResourceCollectorsForAndroidMain UP-TO-DATE
> Task :multiplatform:feat:savetrail:impl:copyNonXmlValueResourcesForCommonMain NO-SOURCE
> Task :multiplatform:feat:savetrail:impl:kmpPartiallyResolvedDependenciesChecker
> Task :multiplatform:feat:savetrail:impl:generateComposeResClass UP-TO-DATE
> Task :multiplatform:feat:savetrail:impl:convertXmlValueResourcesForAndroidDebug NO-SOURCE
> Task :multiplatform:feat:savetrail:api:prepareComposeResourcesTaskForAndroidDebug NO-SOURCE
> Task :multiplatform:feat:savetrail:impl:prepareComposeResourcesTaskForCommonMain NO-SOURCE
> Task :multiplatform:feat:savetrail:impl:generateExpectResourceCollectorsForCommonMain UP-TO-DATE
> Task :multiplatform:feat:savetrail:impl:javaPreCompileDebug UP-TO-DATE
> Task :multiplatform:feat:savetrail:api:generateResourceAccessorsForAndroidDebug NO-SOURCE
> Task :multiplatform:feat:savetrail:impl:checkKotlinGradlePluginConfigurationErrors SKIPPED
> Task :multiplatform:feat:filters:impl:javaPreCompileDebug UP-TO-DATE
> Task :multiplatform:feat:savetrail:impl:convertXmlValueResourcesForAndroidMain NO-SOURCE
> Task :multiplatform:screen:activity:api:convertXmlValueResourcesForCommonMain NO-SOURCE
> Task :multiplatform:feat:filters:api:generateActualResourceCollectorsForAndroidMain UP-TO-DATE
> Task :multiplatform:feat:savetrail:impl:generateResourceAccessorsForCommonMain NO-SOURCE
> Task :multiplatform:screen:activity:api:convertXmlValueResourcesForAndroidDebug NO-SOURCE
> Task :multiplatform:screen:activity:api:convertXmlValueResourcesForAndroidMain NO-SOURCE
> Task :multiplatform:feat:savetrail:impl:copyNonXmlValueResourcesForAndroidDebug NO-SOURCE
> Task :multiplatform:screen:activity:api:generateExpectResourceCollectorsForCommonMain UP-TO-DATE
> Task :multiplatform:screen:activity:api:generateComposeResClass UP-TO-DATE
> Task :multiplatform:screen:activity:api:kmpPartiallyResolvedDependenciesChecker
> Task :multiplatform:screen:activity:api:copyNonXmlValueResourcesForCommonMain NO-SOURCE
> Task :multiplatform:feat:savetrail:impl:prepareComposeResourcesTaskForAndroidDebug NO-SOURCE
> Task :multiplatform:screen:explore:api:convertXmlValueResourcesForAndroidMain NO-SOURCE
> Task :multiplatform:screen:activity:api:checkKotlinGradlePluginConfigurationErrors SKIPPED
> Task :multiplatform:screen:activity:api:copyNonXmlValueResourcesForAndroidDebug NO-SOURCE
> Task :multiplatform:screen:activity:api:copyNonXmlValueResourcesForAndroidMain NO-SOURCE
> Task :multiplatform:feat:savetrail:impl:prepareComposeResourcesTaskForAndroidMain NO-SOURCE
> Task :multiplatform:screen:explore:api:copyNonXmlValueResourcesForCommonMain NO-SOURCE
> Task :multiplatform:feat:savetrail:impl:generateResourceAccessorsForAndroidDebug NO-SOURCE
> Task :multiplatform:screen:explore:api:kmpPartiallyResolvedDependenciesChecker
> Task :multiplatform:screen:explore:api:convertXmlValueResourcesForCommonMain NO-SOURCE
> Task :multiplatform:screen:activity:api:prepareComposeResourcesTaskForCommonMain NO-SOURCE
> Task :multiplatform:screen:explore:api:copyNonXmlValueResourcesForAndroidMain NO-SOURCE
> Task :multiplatform:screen:activity:api:prepareComposeResourcesTaskForAndroidMain NO-SOURCE
> Task :multiplatform:screen:explore:api:generateComposeResClass UP-TO-DATE
> Task :multiplatform:screen:explore:api:checkKotlinGradlePluginConfigurationErrors SKIPPED
> Task :multiplatform:screen:activity:api:prepareComposeResourcesTaskForAndroidDebug NO-SOURCE
> Task :multiplatform:screen:explore:api:convertXmlValueResourcesForAndroidDebug NO-SOURCE
> Task :multiplatform:feat:savetrail:impl:generateResourceAccessorsForAndroidMain NO-SOURCE
> Task :multiplatform:screen:activity:api:generateResourceAccessorsForAndroidDebug NO-SOURCE
> Task :multiplatform:screen:activity:api:generateResourceAccessorsForCommonMain NO-SOURCE
> Task :multiplatform:screen:explore:api:prepareComposeResourcesTaskForCommonMain NO-SOURCE
> Task :multiplatform:screen:explore:api:generateExpectResourceCollectorsForCommonMain UP-TO-DATE
> Task :multiplatform:screen:activity:api:generateResourceAccessorsForAndroidMain NO-SOURCE
> Task :multiplatform:screen:explore:api:copyNonXmlValueResourcesForAndroidDebug NO-SOURCE
> Task :multiplatform:screen:explore:api:prepareComposeResourcesTaskForAndroidMain NO-SOURCE
> Task :multiplatform:screen:activity:api:javaPreCompileDebug UP-TO-DATE
> Task :multiplatform:screen:activity:impl:convertXmlValueResourcesForAndroidMain NO-SOURCE
> Task :multiplatform:feat:savetrail:impl:generateActualResourceCollectorsForAndroidMain UP-TO-DATE
> Task :multiplatform:screen:activity:impl:convertXmlValueResourcesForCommonMain NO-SOURCE
> Task :multiplatform:screen:explore:api:javaPreCompileDebug UP-TO-DATE
> Task :multiplatform:screen:activity:impl:generateComposeResClass UP-TO-DATE
> Task :multiplatform:screen:explore:api:prepareComposeResourcesTaskForAndroidDebug NO-SOURCE
> Task :multiplatform:screen:activity:impl:copyNonXmlValueResourcesForAndroidMain NO-SOURCE
> Task :multiplatform:screen:activity:impl:kmpPartiallyResolvedDependenciesChecker
> Task :multiplatform:screen:activity:api:generateActualResourceCollectorsForAndroidMain UP-TO-DATE
> Task :multiplatform:screen:activity:impl:copyNonXmlValueResourcesForCommonMain NO-SOURCE
> Task :multiplatform:screen:explore:api:generateResourceAccessorsForAndroidMain NO-SOURCE
> Task :multiplatform:screen:activity:impl:generateExpectResourceCollectorsForCommonMain UP-TO-DATE
> Task :multiplatform:screen:explore:api:generateResourceAccessorsForCommonMain NO-SOURCE
> Task :multiplatform:screen:activity:impl:convertXmlValueResourcesForAndroidDebug NO-SOURCE
> Task :multiplatform:screen:explore:api:generateResourceAccessorsForAndroidDebug NO-SOURCE
> Task :multiplatform:screen:activity:impl:checkKotlinGradlePluginConfigurationErrors SKIPPED
> Task :multiplatform:screen:collection:api:convertXmlValueResourcesForCommonMain NO-SOURCE
> Task :multiplatform:screen:activity:impl:javaPreCompileDebug UP-TO-DATE
> Task :multiplatform:screen:collection:api:generateExpectResourceCollectorsForCommonMain UP-TO-DATE
> Task :multiplatform:screen:collection:api:copyNonXmlValueResourcesForCommonMain NO-SOURCE
> Task :multiplatform:screen:collection:api:kmpPartiallyResolvedDependenciesChecker
> Task :multiplatform:screen:activity:impl:copyNonXmlValueResourcesForAndroidDebug NO-SOURCE
> Task :multiplatform:screen:collection:api:checkKotlinGradlePluginConfigurationErrors SKIPPED
> Task :multiplatform:screen:collection:api:javaPreCompileDebug UP-TO-DATE
> Task :multiplatform:screen:activity:impl:prepareComposeResourcesTaskForAndroidMain NO-SOURCE
> Task :multiplatform:screen:activity:impl:prepareComposeResourcesTaskForCommonMain NO-SOURCE
> Task :multiplatform:screen:collection:api:generateComposeResClass UP-TO-DATE
> Task :multiplatform:screen:collection:impl:kmpPartiallyResolvedDependenciesChecker
> Task :multiplatform:screen:collection:impl:checkKotlinGradlePluginConfigurationErrors SKIPPED
> Task :multiplatform:screen:activity:impl:generateResourceAccessorsForAndroidMain NO-SOURCE
> Task :multiplatform:screen:explore:api:generateActualResourceCollectorsForAndroidMain UP-TO-DATE
> Task :multiplatform:screen:collection:api:copyNonXmlValueResourcesForAndroidMain NO-SOURCE
> Task :multiplatform:screen:activity:impl:generateResourceAccessorsForCommonMain NO-SOURCE
> Task :multiplatform:screen:collection:api:prepareComposeResourcesTaskForCommonMain NO-SOURCE
> Task :multiplatform:screen:collection:impl:convertXmlValueResourcesForAndroidMain NO-SOURCE
> Task :multiplatform:screen:collection:impl:convertXmlValueResourcesForAndroidDebug NO-SOURCE
> Task :multiplatform:screen:activity:impl:generateActualResourceCollectorsForAndroidMain UP-TO-DATE
> Task :multiplatform:screen:collection:api:convertXmlValueResourcesForAndroidMain NO-SOURCE
> Task :multiplatform:screen:collection:api:convertXmlValueResourcesForAndroidDebug NO-SOURCE
> Task :multiplatform:screen:collection:impl:generateComposeResClass UP-TO-DATE
> Task :apps:android:processDebugMainManifest UP-TO-DATE
> Task :multiplatform:screen:collection:api:copyNonXmlValueResourcesForAndroidDebug NO-SOURCE
> Task :multiplatform:screen:collection:impl:convertXmlValueResourcesForCommonMain NO-SOURCE
> Task :multiplatform:screen:collection:impl:copyNonXmlValueResourcesForAndroidDebug NO-SOURCE
> Task :multiplatform:screen:collection:impl:copyNonXmlValueResourcesForAndroidMain NO-SOURCE
> Task :multiplatform:screen:activity:impl:prepareComposeResourcesTaskForAndroidDebug NO-SOURCE
> Task :multiplatform:screen:collection:impl:generateExpectResourceCollectorsForCommonMain UP-TO-DATE
> Task :multiplatform:screen:collection:api:prepareComposeResourcesTaskForAndroidMain NO-SOURCE
> Task :multiplatform:screen:activity:impl:generateResourceAccessorsForAndroidDebug NO-SOURCE
> Task :multiplatform:screen:collection:impl:javaPreCompileDebug UP-TO-DATE
> Task :multiplatform:screen:collection:api:prepareComposeResourcesTaskForAndroidDebug NO-SOURCE
> Task :multiplatform:screen:collection:api:generateResourceAccessorsForCommonMain NO-SOURCE
> Task :multiplatform:screen:collection:impl:prepareComposeResourcesTaskForAndroidDebug NO-SOURCE
> Task :multiplatform:screen:explore:impl:convertXmlValueResourcesForCommonMain NO-SOURCE
> Task :multiplatform:screen:collection:impl:copyNonXmlValueResourcesForCommonMain NO-SOURCE
> Task :multiplatform:screen:collection:impl:prepareComposeResourcesTaskForAndroidMain NO-SOURCE
> Task :multiplatform:screen:collection:api:generateResourceAccessorsForAndroidDebug NO-SOURCE
> Task :multiplatform:screen:explore:impl:kmpPartiallyResolvedDependenciesChecker
> Task :multiplatform:screen:explore:impl:copyNonXmlValueResourcesForAndroidMain NO-SOURCE
> Task :multiplatform:screen:collection:api:generateResourceAccessorsForAndroidMain NO-SOURCE
> Task :multiplatform:screen:collection:impl:generateResourceAccessorsForAndroidDebug NO-SOURCE
> Task :multiplatform:screen:collection:impl:prepareComposeResourcesTaskForCommonMain NO-SOURCE
> Task :multiplatform:screen:explore:impl:checkKotlinGradlePluginConfigurationErrors SKIPPED
> Task :multiplatform:screen:explore:impl:copyNonXmlValueResourcesForCommonMain NO-SOURCE
> Task :multiplatform:screen:collection:api:generateActualResourceCollectorsForAndroidMain UP-TO-DATE
> Task :multiplatform:screen:collection:impl:generateResourceAccessorsForAndroidMain NO-SOURCE
> Task :multiplatform:screen:explore:impl:convertXmlValueResourcesForAndroidMain NO-SOURCE
> Task :multiplatform:screen:explore:impl:generateExpectResourceCollectorsForCommonMain UP-TO-DATE
> Task :multiplatform:app:context:compileDebugKotlinAndroid UP-TO-DATE
> Task :multiplatform:screen:foryou:api:convertXmlValueResourcesForAndroidMain NO-SOURCE
> Task :apps:android:processDebugManifest UP-TO-DATE
> Task :multiplatform:screen:explore:impl:generateComposeResClass UP-TO-DATE
> Task :multiplatform:screen:explore:impl:javaPreCompileDebug UP-TO-DATE
> Task :multiplatform:screen:collection:impl:generateResourceAccessorsForCommonMain NO-SOURCE
> Task :multiplatform:screen:explore:impl:prepareComposeResourcesTaskForCommonMain NO-SOURCE
> Task :multiplatform:screen:explore:impl:convertXmlValueResourcesForAndroidDebug NO-SOURCE
> Task :multiplatform:screen:explore:impl:prepareComposeResourcesTaskForAndroidMain NO-SOURCE
> Task :multiplatform:screen:foryou:api:kmpPartiallyResolvedDependenciesChecker
> Task :multiplatform:screen:explore:impl:copyNonXmlValueResourcesForAndroidDebug NO-SOURCE
> Task :multiplatform:screen:foryou:api:checkKotlinGradlePluginConfigurationErrors SKIPPED
> Task :apps:android:processDebugManifestForPackage UP-TO-DATE
> Task :multiplatform:screen:explore:impl:generateResourceAccessorsForAndroidMain NO-SOURCE
> Task :multiplatform:screen:foryou:api:copyNonXmlValueResourcesForAndroidMain NO-SOURCE
> Task :multiplatform:screen:foryou:api:convertXmlValueResourcesForCommonMain NO-SOURCE
> Task :multiplatform:screen:foryou:api:generateComposeResClass UP-TO-DATE
> Task :multiplatform:screen:collection:impl:generateActualResourceCollectorsForAndroidMain UP-TO-DATE
> Task :multiplatform:screen:foryou:api:copyNonXmlValueResourcesForCommonMain NO-SOURCE
> Task :multiplatform:screen:foryou:api:convertXmlValueResourcesForAndroidDebug NO-SOURCE
> Task :multiplatform:screen:foryou:api:prepareComposeResourcesTaskForAndroidMain NO-SOURCE
> Task :multiplatform:app:context:compileDebugJavaWithJavac NO-SOURCE
> Task :multiplatform:screen:foryou:api:javaPreCompileDebug UP-TO-DATE
> Task :multiplatform:screen:foryou:api:generateExpectResourceCollectorsForCommonMain UP-TO-DATE
> Task :multiplatform:screen:explore:impl:generateResourceAccessorsForCommonMain NO-SOURCE
> Task :multiplatform:screen:foryou:api:prepareComposeResourcesTaskForCommonMain NO-SOURCE
> Task :multiplatform:screen:foryou:impl:convertXmlValueResourcesForAndroidMain NO-SOURCE
> Task :multiplatform:screen:foryou:api:copyNonXmlValueResourcesForAndroidDebug NO-SOURCE
> Task :multiplatform:screen:foryou:impl:convertXmlValueResourcesForCommonMain NO-SOURCE
> Task :multiplatform:app:context:bundleLibCompileToJarDebug UP-TO-DATE
> Task :multiplatform:screen:explore:impl:prepareComposeResourcesTaskForAndroidDebug NO-SOURCE
> Task :multiplatform:screen:foryou:api:generateResourceAccessorsForCommonMain NO-SOURCE
> Task :multiplatform:screen:foryou:impl:generateComposeResClass UP-TO-DATE
> Task :multiplatform:screen:foryou:impl:convertXmlValueResourcesForAndroidDebug NO-SOURCE
> Task :multiplatform:screen:foryou:impl:kmpPartiallyResolvedDependenciesChecker
> Task :multiplatform:screen:explore:impl:generateActualResourceCollectorsForAndroidMain UP-TO-DATE
> Task :multiplatform:screen:explore:impl:generateResourceAccessorsForAndroidDebug NO-SOURCE
> Task :multiplatform:screen:foryou:impl:checkKotlinGradlePluginConfigurationErrors SKIPPED
> Task :multiplatform:screen:foryou:impl:copyNonXmlValueResourcesForAndroidMain NO-SOURCE
> Task :multiplatform:screen:foryou:impl:javaPreCompileDebug UP-TO-DATE
> Task :multiplatform:screen:foryou:api:generateResourceAccessorsForAndroidMain NO-SOURCE
> Task :multiplatform:screen:foryou:impl:generateExpectResourceCollectorsForCommonMain UP-TO-DATE
> Task :multiplatform:screen:foryou:api:prepareComposeResourcesTaskForAndroidDebug NO-SOURCE
> Task :multiplatform:screen:foryou:impl:copyNonXmlValueResourcesForCommonMain NO-SOURCE
> Task :multiplatform:screen:foryou:impl:copyNonXmlValueResourcesForAndroidDebug NO-SOURCE
> Task :multiplatform:data:post:api:convertXmlValueResourcesForAndroidMain NO-SOURCE
> Task :multiplatform:screen:foryou:api:generateResourceAccessorsForAndroidDebug NO-SOURCE
> Task :multiplatform:foundation:coroutines:kmpPartiallyResolvedDependenciesChecker
> Task :multiplatform:data:post:api:kmpPartiallyResolvedDependenciesChecker
> Task :multiplatform:foundation:coroutines:checkKotlinGradlePluginConfigurationErrors SKIPPED
> Task :multiplatform:data:post:api:generateExpectResourceCollectorsForCommonMain UP-TO-DATE
> Task :multiplatform:data:post:api:convertXmlValueResourcesForCommonMain NO-SOURCE
> Task :multiplatform:data:post:api:copyNonXmlValueResourcesForAndroidMain NO-SOURCE
> Task :multiplatform:screen:foryou:impl:prepareComposeResourcesTaskForCommonMain NO-SOURCE
> Task :multiplatform:foundation:coroutines:javaPreCompileDebug UP-TO-DATE
> Task :multiplatform:data:post:api:copyNonXmlValueResourcesForCommonMain NO-SOURCE
> Task :multiplatform:screen:foryou:impl:prepareComposeResourcesTaskForAndroidMain NO-SOURCE
> Task :multiplatform:data:post:api:checkKotlinGradlePluginConfigurationErrors SKIPPED
> Task :multiplatform:model:db:compileDebugKotlinAndroid UP-TO-DATE
> Task :multiplatform:data:post:api:generateComposeResClass UP-TO-DATE
> Task :multiplatform:screen:foryou:impl:prepareComposeResourcesTaskForAndroidDebug NO-SOURCE
> Task :multiplatform:screen:foryou:api:generateActualResourceCollectorsForAndroidMain UP-TO-DATE
> Task :multiplatform:screen:foryou:impl:generateResourceAccessorsForCommonMain NO-SOURCE
> Task :multiplatform:data:post:api:convertXmlValueResourcesForAndroidDebug NO-SOURCE
> Task :multiplatform:data:post:api:javaPreCompileDebug UP-TO-DATE
> Task :multiplatform:data:post:api:prepareComposeResourcesTaskForAndroidMain NO-SOURCE
> Task :multiplatform:screen:home:impl:kmpPartiallyResolvedDependenciesChecker
> Task :multiplatform:screen:home:impl:convertXmlValueResourcesForCommonMain NO-SOURCE
> Task :multiplatform:screen:foryou:impl:generateResourceAccessorsForAndroidDebug NO-SOURCE
> Task :multiplatform:screen:foryou:impl:generateResourceAccessorsForAndroidMain NO-SOURCE
> Task :multiplatform:model:db:compileDebugJavaWithJavac NO-SOURCE
> Task :multiplatform:screen:home:impl:copyNonXmlValueResourcesForCommonMain NO-SOURCE
> Task :multiplatform:data:post:api:copyNonXmlValueResourcesForAndroidDebug NO-SOURCE
> Task :multiplatform:data:post:api:prepareComposeResourcesTaskForCommonMain NO-SOURCE
> Task :multiplatform:screen:home:impl:checkKotlinGradlePluginConfigurationErrors SKIPPED
> Task :multiplatform:screen:home:impl:generateComposeResClass UP-TO-DATE
> Task :multiplatform:screen:home:impl:generateExpectResourceCollectorsForCommonMain UP-TO-DATE
> Task :multiplatform:screen:home:impl:convertXmlValueResourcesForAndroidDebug NO-SOURCE
> Task :multiplatform:screen:foryou:impl:generateActualResourceCollectorsForAndroidMain UP-TO-DATE
> Task :multiplatform:data:post:api:prepareComposeResourcesTaskForAndroidDebug NO-SOURCE
> Task :multiplatform:screen:home:impl:copyNonXmlValueResourcesForAndroidMain NO-SOURCE
> Task :multiplatform:screen:navigate:api:kmpPartiallyResolvedDependenciesChecker
> Task :multiplatform:screen:home:impl:convertXmlValueResourcesForAndroidMain NO-SOURCE
> Task :multiplatform:screen:navigate:api:checkKotlinGradlePluginConfigurationErrors SKIPPED
> Task :multiplatform:model:db:bundleLibCompileToJarDebug UP-TO-DATE
> Task :multiplatform:data:post:api:generateResourceAccessorsForCommonMain NO-SOURCE
> Task :multiplatform:screen:home:impl:javaPreCompileDebug UP-TO-DATE
> Task :multiplatform:data:post:api:generateResourceAccessorsForAndroidMain NO-SOURCE
> Task :multiplatform:screen:navigate:api:convertXmlValueResourcesForCommonMain NO-SOURCE
> Task :multiplatform:data:post:api:generateResourceAccessorsForAndroidDebug NO-SOURCE
> Task :multiplatform:screen:navigate:api:generateComposeResClass UP-TO-DATE
> Task :multiplatform:screen:home:impl:prepareComposeResourcesTaskForCommonMain NO-SOURCE
> Task :multiplatform:screen:home:impl:prepareComposeResourcesTaskForAndroidMain NO-SOURCE
> Task :multiplatform:screen:navigate:api:convertXmlValueResourcesForAndroidMain NO-SOURCE
> Task :multiplatform:screen:home:impl:copyNonXmlValueResourcesForAndroidDebug NO-SOURCE
> Task :multiplatform:screen:navigate:api:copyNonXmlValueResourcesForAndroidMain NO-SOURCE
> Task :multiplatform:screen:home:impl:prepareComposeResourcesTaskForAndroidDebug NO-SOURCE
> Task :multiplatform:data:post:api:generateActualResourceCollectorsForAndroidMain UP-TO-DATE
> Task :multiplatform:screen:navigate:api:copyNonXmlValueResourcesForCommonMain NO-SOURCE
> Task :multiplatform:screen:navigate:impl:convertXmlValueResourcesForAndroidMain NO-SOURCE
> Task :multiplatform:screen:navigate:api:prepareComposeResourcesTaskForAndroidMain NO-SOURCE
> Task :multiplatform:screen:home:impl:generateResourceAccessorsForAndroidMain NO-SOURCE
> Task :multiplatform:screen:navigate:api:convertXmlValueResourcesForAndroidDebug NO-SOURCE
> Task :multiplatform:screen:home:impl:generateResourceAccessorsForAndroidDebug NO-SOURCE
> Task :multiplatform:screen:navigate:impl:kmpPartiallyResolvedDependenciesChecker
> Task :multiplatform:screen:navigate:api:generateExpectResourceCollectorsForCommonMain UP-TO-DATE
> Task :multiplatform:screen:navigate:api:javaPreCompileDebug UP-TO-DATE
> Task :multiplatform:screen:navigate:api:copyNonXmlValueResourcesForAndroidDebug NO-SOURCE
> Task :multiplatform:screen:navigate:impl:checkKotlinGradlePluginConfigurationErrors SKIPPED
> Task :multiplatform:screen:navigate:impl:convertXmlValueResourcesForCommonMain NO-SOURCE
> Task :multiplatform:screen:navigate:api:prepareComposeResourcesTaskForCommonMain NO-SOURCE
> Task :multiplatform:screen:home:impl:generateResourceAccessorsForCommonMain NO-SOURCE
> Task :multiplatform:screen:navigate:api:prepareComposeResourcesTaskForAndroidDebug NO-SOURCE
> Task :multiplatform:screen:navigate:impl:copyNonXmlValueResourcesForCommonMain NO-SOURCE
> Task :multiplatform:screen:navigate:impl:copyNonXmlValueResourcesForAndroidMain NO-SOURCE
> Task :multiplatform:screen:navigate:api:generateResourceAccessorsForAndroidMain NO-SOURCE
> Task :multiplatform:screen:navigate:impl:generateComposeResClass UP-TO-DATE
> Task :multiplatform:screen:profile:impl:kmpPartiallyResolvedDependenciesChecker
> Task :multiplatform:screen:navigate:impl:convertXmlValueResourcesForAndroidDebug NO-SOURCE
> Task :multiplatform:screen:profile:impl:convertXmlValueResourcesForAndroidMain NO-SOURCE
> Task :multiplatform:screen:profile:impl:checkKotlinGradlePluginConfigurationErrors SKIPPED
> Task :multiplatform:screen:navigate:impl:prepareComposeResourcesTaskForAndroidMain NO-SOURCE
> Task :multiplatform:screen:profile:impl:convertXmlValueResourcesForCommonMain NO-SOURCE
> Task :multiplatform:screen:navigate:api:generateResourceAccessorsForAndroidDebug NO-SOURCE
> Task :multiplatform:screen:navigate:impl:javaPreCompileDebug UP-TO-DATE
> Task :multiplatform:screen:profile:impl:copyNonXmlValueResourcesForCommonMain NO-SOURCE
> Task :multiplatform:screen:navigate:impl:generateExpectResourceCollectorsForCommonMain UP-TO-DATE
> Task :multiplatform:screen:home:impl:generateActualResourceCollectorsForAndroidMain UP-TO-DATE
> Task :multiplatform:screen:navigate:api:generateResourceAccessorsForCommonMain NO-SOURCE
> Task :multiplatform:screen:navigate:impl:prepareComposeResourcesTaskForCommonMain NO-SOURCE
> Task :multiplatform:screen:navigate:impl:copyNonXmlValueResourcesForAndroidDebug NO-SOURCE
> Task :multiplatform:screen:profile:impl:copyNonXmlValueResourcesForAndroidMain NO-SOURCE
> Task :multiplatform:screen:profile:impl:generateExpectResourceCollectorsForCommonMain UP-TO-DATE
> Task :multiplatform:screen:profile:impl:javaPreCompileDebug UP-TO-DATE
> Task :multiplatform:screen:profile:impl:generateComposeResClass UP-TO-DATE
> Task :multiplatform:screen:saved:api:kmpPartiallyResolvedDependenciesChecker
> Task :multiplatform:screen:navigate:impl:generateResourceAccessorsForAndroidMain NO-SOURCE
> Task :multiplatform:screen:profile:impl:convertXmlValueResourcesForAndroidDebug NO-SOURCE
> Task :multiplatform:screen:navigate:impl:generateResourceAccessorsForCommonMain NO-SOURCE
> Task :multiplatform:screen:saved:api:convertXmlValueResourcesForCommonMain NO-SOURCE
> Task :multiplatform:screen:navigate:impl:prepareComposeResourcesTaskForAndroidDebug NO-SOURCE
> Task :multiplatform:screen:saved:api:checkKotlinGradlePluginConfigurationErrors SKIPPED
> Task :multiplatform:model:domain:compileDebugKotlinAndroid UP-TO-DATE
> Task :multiplatform:screen:saved:api:convertXmlValueResourcesForAndroidMain NO-SOURCE
> Task :multiplatform:screen:profile:impl:copyNonXmlValueResourcesForAndroidDebug NO-SOURCE
> Task :multiplatform:screen:profile:impl:prepareComposeResourcesTaskForAndroidMain NO-SOURCE
> Task :multiplatform:screen:navigate:api:generateActualResourceCollectorsForAndroidMain UP-TO-DATE
> Task :multiplatform:screen:profile:impl:prepareComposeResourcesTaskForCommonMain NO-SOURCE
> Task :multiplatform:screen:navigate:impl:generateActualResourceCollectorsForAndroidMain UP-TO-DATE
> Task :multiplatform:screen:saved:api:copyNonXmlValueResourcesForAndroidMain NO-SOURCE
> Task :multiplatform:screen:navigate:impl:generateResourceAccessorsForAndroidDebug NO-SOURCE
> Task :multiplatform:screen:saved:api:copyNonXmlValueResourcesForCommonMain NO-SOURCE
> Task :multiplatform:screen:saved:api:copyNonXmlValueResourcesForAndroidDebug NO-SOURCE
> Task :multiplatform:screen:saved:api:generateExpectResourceCollectorsForCommonMain UP-TO-DATE
> Task :multiplatform:foundation:coroutines:compileDebugKotlinAndroid UP-TO-DATE
> Task :multiplatform:screen:profile:impl:prepareComposeResourcesTaskForAndroidDebug NO-SOURCE
> Task :multiplatform:foundation:networking:compileDebugKotlinAndroid UP-TO-DATE
> Task :multiplatform:screen:saved:api:generateComposeResClass UP-TO-DATE
> Task :multiplatform:screen:saved:api:prepareComposeResourcesTaskForCommonMain NO-SOURCE
> Task :multiplatform:screen:profile:impl:generateResourceAccessorsForAndroidMain NO-SOURCE
> Task :multiplatform:screen:profile:impl:generateResourceAccessorsForCommonMain NO-SOURCE
> Task :multiplatform:screen:saved:impl:convertXmlValueResourcesForAndroidMain NO-SOURCE
> Task :multiplatform:screen:saved:api:convertXmlValueResourcesForAndroidDebug NO-SOURCE
> Task :multiplatform:screen:saved:api:prepareComposeResourcesTaskForAndroidMain NO-SOURCE
> Task :multiplatform:screen:profile:impl:generateResourceAccessorsForAndroidDebug NO-SOURCE
> Task :multiplatform:screen:saved:impl:generateComposeResClass UP-TO-DATE
> Task :multiplatform:screen:saved:impl:kmpPartiallyResolvedDependenciesChecker
> Task :multiplatform:screen:saved:impl:checkKotlinGradlePluginConfigurationErrors SKIPPED
> Task :multiplatform:screen:profile:impl:generateActualResourceCollectorsForAndroidMain UP-TO-DATE
> Task :multiplatform:screen:saved:api:javaPreCompileDebug UP-TO-DATE
> Task :multiplatform:screen:saved:api:generateResourceAccessorsForCommonMain NO-SOURCE
> Task :multiplatform:screen:saved:impl:copyNonXmlValueResourcesForCommonMain NO-SOURCE
> Task :multiplatform:screen:saved:impl:copyNonXmlValueResourcesForAndroidMain NO-SOURCE
> Task :multiplatform:model:domain:compileDebugJavaWithJavac NO-SOURCE
> Task :multiplatform:foundation:networking:compileDebugJavaWithJavac NO-SOURCE
> Task :multiplatform:screen:traildetail:api:kmpPartiallyResolvedDependenciesChecker
> Task :multiplatform:screen:saved:impl:generateExpectResourceCollectorsForCommonMain UP-TO-DATE
> Task :multiplatform:screen:saved:api:prepareComposeResourcesTaskForAndroidDebug NO-SOURCE
> Task :multiplatform:data:trail:api:compileDebugKotlinAndroid UP-TO-DATE
> Task :multiplatform:screen:saved:impl:copyNonXmlValueResourcesForAndroidDebug NO-SOURCE
> Task :multiplatform:foundation:coroutines:compileDebugJavaWithJavac NO-SOURCE
> Task :multiplatform:screen:saved:api:generateResourceAccessorsForAndroidMain NO-SOURCE
> Task :multiplatform:screen:traildetail:api:checkKotlinGradlePluginConfigurationErrors SKIPPED
> Task :multiplatform:screen:traildetail:api:convertXmlValueResourcesForCommonMain NO-SOURCE
> Task :multiplatform:screen:traildetail:api:convertXmlValueResourcesForAndroidMain NO-SOURCE
> Task :multiplatform:foundation:networking:bundleLibCompileToJarDebug UP-TO-DATE
> Task :multiplatform:screen:saved:impl:convertXmlValueResourcesForCommonMain NO-SOURCE
> Task :multiplatform:model:domain:bundleLibCompileToJarDebug UP-TO-DATE
> Task :multiplatform:screen:saved:api:generateResourceAccessorsForAndroidDebug NO-SOURCE
> Task :multiplatform:foundation:coroutines:bundleLibCompileToJarDebug UP-TO-DATE
> Task :multiplatform:screen:traildetail:api:copyNonXmlValueResourcesForAndroidMain NO-SOURCE
> Task :multiplatform:screen:traildetail:api:generateComposeResClass UP-TO-DATE
> Task :multiplatform:screen:saved:impl:convertXmlValueResourcesForAndroidDebug NO-SOURCE
> Task :multiplatform:screen:traildetail:api:copyNonXmlValueResourcesForCommonMain NO-SOURCE
> Task :multiplatform:screen:saved:impl:javaPreCompileDebug UP-TO-DATE
> Task :multiplatform:foundation:designsystem:kspDebugKotlinAndroid SKIPPED
> Task :multiplatform:model:network:kspDebugKotlinAndroid SKIPPED
> Task :multiplatform:data:post:api:kspDebugKotlinAndroid SKIPPED
> Task :multiplatform:screen:saved:impl:prepareComposeResourcesTaskForAndroidMain NO-SOURCE
> Task :multiplatform:screen:traildetail:api:convertXmlValueResourcesForAndroidDebug NO-SOURCE
> Task :multiplatform:screen:saved:impl:prepareComposeResourcesTaskForAndroidDebug NO-SOURCE
> Task :multiplatform:screen:traildetail:api:copyNonXmlValueResourcesForAndroidDebug NO-SOURCE
> Task :multiplatform:screen:traildetail:api:generateExpectResourceCollectorsForCommonMain UP-TO-DATE
> Task :multiplatform:screen:saved:api:generateActualResourceCollectorsForAndroidMain UP-TO-DATE
> Task :multiplatform:data:trail:api:compileDebugJavaWithJavac NO-SOURCE
> Task :multiplatform:screen:traildetail:impl:convertXmlValueResourcesForAndroidMain NO-SOURCE
> Task :multiplatform:screen:traildetail:api:prepareComposeResourcesTaskForAndroidDebug NO-SOURCE
> Task :multiplatform:screen:saved:impl:generateResourceAccessorsForAndroidDebug NO-SOURCE
> Task :multiplatform:screen:traildetail:api:prepareComposeResourcesTaskForAndroidMain NO-SOURCE
> Task :multiplatform:screen:traildetail:api:javaPreCompileDebug UP-TO-DATE
> Task :multiplatform:screen:saved:impl:generateResourceAccessorsForAndroidMain NO-SOURCE
> Task :multiplatform:screen:saved:impl:prepareComposeResourcesTaskForCommonMain NO-SOURCE
> Task :multiplatform:screen:traildetail:impl:copyNonXmlValueResourcesForAndroidMain NO-SOURCE
> Task :multiplatform:screen:saved:impl:generateResourceAccessorsForCommonMain NO-SOURCE
> Task :multiplatform:screen:traildetail:api:generateResourceAccessorsForAndroidDebug NO-SOURCE
> Task :multiplatform:screen:traildetail:impl:prepareComposeResourcesTaskForAndroidMain NO-SOURCE
> Task :multiplatform:screen:traildetail:impl:kmpPartiallyResolvedDependenciesChecker
> Task :multiplatform:screen:traildetail:impl:javaPreCompileDebug UP-TO-DATE
> Task :multiplatform:screen:traildetail:impl:copyNonXmlValueResourcesForCommonMain NO-SOURCE
> Task :multiplatform:screen:traildetail:impl:generateComposeResClass UP-TO-DATE
> Task :multiplatform:screen:traildetail:api:generateResourceAccessorsForAndroidMain NO-SOURCE
> Task :multiplatform:screen:traildetail:impl:convertXmlValueResourcesForAndroidDebug NO-SOURCE
> Task :multiplatform:screen:traildetail:impl:convertXmlValueResourcesForCommonMain NO-SOURCE
> Task :multiplatform:screen:traildetail:impl:generateExpectResourceCollectorsForCommonMain UP-TO-DATE
> Task :multiplatform:screen:traildetail:impl:copyNonXmlValueResourcesForAndroidDebug NO-SOURCE
> Task :multiplatform:di:graph:inactive:kmpPartiallyResolvedDependenciesChecker
> Task :multiplatform:screen:traildetail:api:prepareComposeResourcesTaskForCommonMain NO-SOURCE
> Task :multiplatform:di:graph:active:javaPreCompileDebug UP-TO-DATE
> Task :multiplatform:di:graph:inactive:checkKotlinGradlePluginConfigurationErrors SKIPPED
> Task :multiplatform:screen:traildetail:impl:prepareComposeResourcesTaskForCommonMain NO-SOURCE
> Task :multiplatform:di:graph:inactive:copyNonXmlValueResourcesForAndroidMain NO-SOURCE
> Task :multiplatform:screen:traildetail:impl:checkKotlinGradlePluginConfigurationErrors SKIPPED
> Task :multiplatform:screen:saved:impl:generateActualResourceCollectorsForAndroidMain UP-TO-DATE
> Task :multiplatform:di:graph:inactive:convertXmlValueResourcesForAndroidMain NO-SOURCE
> Task :multiplatform:data:trail:api:bundleLibCompileToJarDebug UP-TO-DATE
> Task :multiplatform:di:graph:inactive:convertXmlValueResourcesForCommonMain NO-SOURCE
> Task :multiplatform:screen:traildetail:impl:prepareComposeResourcesTaskForAndroidDebug NO-SOURCE
> Task :multiplatform:screen:traildetail:impl:generateResourceAccessorsForAndroidMain NO-SOURCE
> Task :multiplatform:di:graph:inactive:copyNonXmlValueResourcesForCommonMain NO-SOURCE
> Task :multiplatform:feat:filters:api:kspDebugKotlinAndroid SKIPPED
> Task :multiplatform:screen:traildetail:impl:generateResourceAccessorsForCommonMain NO-SOURCE
> Task :multiplatform:screen:traildetail:api:generateResourceAccessorsForCommonMain NO-SOURCE
> Task :multiplatform:di:graph:inactive:javaPreCompileDebug UP-TO-DATE
> Task :multiplatform:di:graph:inactive:generateComposeResClass UP-TO-DATE
> Task :multiplatform:di:graph:loggedin:kmpPartiallyResolvedDependenciesChecker
> Task :multiplatform:di:graph:inactive:prepareComposeResourcesTaskForAndroidMain NO-SOURCE
> Task :multiplatform:di:graph:inactive:convertXmlValueResourcesForAndroidDebug NO-SOURCE
> Task :multiplatform:feat:savetrail:api:kspDebugKotlinAndroid SKIPPED
> Task :multiplatform:di:graph:inactive:generateExpectResourceCollectorsForCommonMain UP-TO-DATE
> Task :multiplatform:screen:traildetail:impl:generateResourceAccessorsForAndroidDebug NO-SOURCE
> Task :multiplatform:di:graph:inactive:copyNonXmlValueResourcesForAndroidDebug NO-SOURCE
> Task :multiplatform:di:graph:loggedin:checkKotlinGradlePluginConfigurationErrors SKIPPED
> Task :multiplatform:di:graph:inactive:prepareComposeResourcesTaskForCommonMain NO-SOURCE
> Task :multiplatform:di:graph:loggedin:convertXmlValueResourcesForCommonMain NO-SOURCE
> Task :multiplatform:di:graph:loggedin:convertXmlValueResourcesForAndroidMain NO-SOURCE
> Task :multiplatform:di:graph:loggedin:generateComposeResClass UP-TO-DATE
> Task :multiplatform:di:graph:loggedin:copyNonXmlValueResourcesForCommonMain NO-SOURCE
> Task :multiplatform:di:graph:inactive:prepareComposeResourcesTaskForAndroidDebug NO-SOURCE
> Task :multiplatform:di:graph:loggedin:generateExpectResourceCollectorsForCommonMain UP-TO-DATE
> Task :multiplatform:di:graph:inactive:generateResourceAccessorsForAndroidMain NO-SOURCE
> Task :multiplatform:di:graph:inactive:generateResourceAccessorsForAndroidDebug NO-SOURCE
> Task :multiplatform:screen:traildetail:api:generateActualResourceCollectorsForAndroidMain UP-TO-DATE
> Task :multiplatform:di:graph:loggedin:copyNonXmlValueResourcesForAndroidDebug NO-SOURCE
> Task :multiplatform:di:graph:inactive:generateResourceAccessorsForCommonMain NO-SOURCE
> Task :multiplatform:di:graph:loggedout:convertXmlValueResourcesForAndroidMain NO-SOURCE
> Task :multiplatform:screen:traildetail:impl:generateActualResourceCollectorsForAndroidMain UP-TO-DATE
> Task :multiplatform:di:graph:loggedin:copyNonXmlValueResourcesForAndroidMain NO-SOURCE
> Task :multiplatform:di:graph:loggedout:copyNonXmlValueResourcesForCommonMain NO-SOURCE
> Task :multiplatform:di:graph:loggedout:generateComposeResClass UP-TO-DATE
> Task :multiplatform:di:graph:loggedout:generateExpectResourceCollectorsForCommonMain UP-TO-DATE
> Task :multiplatform:di:graph:inactive:generateActualResourceCollectorsForAndroidMain UP-TO-DATE
> Task :multiplatform:di:graph:loggedout:copyNonXmlValueResourcesForAndroidMain NO-SOURCE
> Task :multiplatform:di:graph:loggedin:javaPreCompileDebug UP-TO-DATE
> Task :multiplatform:di:graph:loggedout:convertXmlValueResourcesForCommonMain NO-SOURCE
> Task :multiplatform:di:graph:loggedin:convertXmlValueResourcesForAndroidDebug NO-SOURCE
> Task :multiplatform:di:graph:loggedin:prepareComposeResourcesTaskForCommonMain NO-SOURCE
> Task :multiplatform:di:graph:loggedin:prepareComposeResourcesTaskForAndroidMain NO-SOURCE
> Task :multiplatform:di:graph:inactive:kspDebugKotlinAndroid SKIPPED
> Task :multiplatform:di:graph:loggedin:generateResourceAccessorsForAndroidMain NO-SOURCE
> Task :multiplatform:di:graph:loggedout:kmpPartiallyResolvedDependenciesChecker
> Task :multiplatform:di:graph:loggedin:generateResourceAccessorsForCommonMain NO-SOURCE
> Task :multiplatform:di:graph:loggedin:prepareComposeResourcesTaskForAndroidDebug NO-SOURCE
> Task :multiplatform:screen:welcome:api:copyNonXmlValueResourcesForAndroidMain NO-SOURCE
> Task :multiplatform:di:graph:loggedout:convertXmlValueResourcesForAndroidDebug NO-SOURCE
> Task :multiplatform:di:graph:loggedout:prepareComposeResourcesTaskForCommonMain NO-SOURCE
> Task :multiplatform:screen:welcome:api:kmpPartiallyResolvedDependenciesChecker
> Task :multiplatform:screen:welcome:api:checkKotlinGradlePluginConfigurationErrors SKIPPED
> Task :multiplatform:di:graph:loggedout:checkKotlinGradlePluginConfigurationErrors SKIPPED
> Task :multiplatform:screen:welcome:api:convertXmlValueResourcesForCommonMain NO-SOURCE
> Task :multiplatform:screen:welcome:api:copyNonXmlValueResourcesForCommonMain NO-SOURCE
> Task :multiplatform:di:graph:loggedin:generateResourceAccessorsForAndroidDebug NO-SOURCE
> Task :multiplatform:di:graph:loggedout:copyNonXmlValueResourcesForAndroidDebug NO-SOURCE
> Task :multiplatform:di:graph:loggedout:generateResourceAccessorsForCommonMain NO-SOURCE
> Task :multiplatform:di:graph:loggedin:generateActualResourceCollectorsForAndroidMain UP-TO-DATE
> Task :multiplatform:di:graph:loggedout:prepareComposeResourcesTaskForAndroidMain NO-SOURCE
> Task :multiplatform:screen:welcome:api:generateComposeResClass UP-TO-DATE
> Task :multiplatform:screen:welcome:api:convertXmlValueResourcesForAndroidMain NO-SOURCE
> Task :multiplatform:screen:welcome:api:generateExpectResourceCollectorsForCommonMain UP-TO-DATE
> Task :multiplatform:screen:welcome:api:convertXmlValueResourcesForAndroidDebug NO-SOURCE
> Task :multiplatform:screen:welcome:api:javaPreCompileDebug UP-TO-DATE
> Task :multiplatform:di:graph:loggedout:prepareComposeResourcesTaskForAndroidDebug NO-SOURCE
> Task :multiplatform:data:user:api:copyNonXmlValueResourcesForAndroidMain NO-SOURCE
> Task :multiplatform:screen:welcome:api:prepareComposeResourcesTaskForCommonMain NO-SOURCE
> Task :multiplatform:screen:welcome:api:copyNonXmlValueResourcesForAndroidDebug NO-SOURCE
> Task :multiplatform:screen:welcome:api:generateResourceAccessorsForCommonMain NO-SOURCE
> Task :multiplatform:screen:welcome:api:prepareComposeResourcesTaskForAndroidMain NO-SOURCE
> Task :multiplatform:data:user:api:convertXmlValueResourcesForAndroidMain NO-SOURCE
> Task :multiplatform:di:graph:loggedout:generateResourceAccessorsForAndroidMain NO-SOURCE
> Task :multiplatform:screen:welcome:api:prepareComposeResourcesTaskForAndroidDebug NO-SOURCE
> Task :multiplatform:screen:welcome:api:generateResourceAccessorsForAndroidMain NO-SOURCE
> Task :multiplatform:data:user:api:kmpPartiallyResolvedDependenciesChecker
> Task :multiplatform:data:user:api:checkKotlinGradlePluginConfigurationErrors SKIPPED
> Task :multiplatform:di:graph:loggedout:generateResourceAccessorsForAndroidDebug NO-SOURCE
> Task :multiplatform:di:graph:loggedout:generateActualResourceCollectorsForAndroidMain UP-TO-DATE
> Task :multiplatform:data:user:api:convertXmlValueResourcesForAndroidDebug NO-SOURCE
> Task :multiplatform:data:user:api:prepareComposeResourcesTaskForAndroidMain NO-SOURCE
> Task :multiplatform:data:user:api:javaPreCompileDebug UP-TO-DATE
> Task :multiplatform:data:user:api:generateExpectResourceCollectorsForCommonMain UP-TO-DATE
> Task :multiplatform:data:user:api:convertXmlValueResourcesForCommonMain NO-SOURCE
> Task :multiplatform:data:user:api:generateComposeResClass UP-TO-DATE
> Task :multiplatform:data:user:api:generateResourceAccessorsForAndroidMain NO-SOURCE
> Task :multiplatform:screen:welcome:api:generateActualResourceCollectorsForAndroidMain UP-TO-DATE
> Task :multiplatform:data:user:api:copyNonXmlValueResourcesForAndroidDebug NO-SOURCE
> Task :multiplatform:data:user:api:copyNonXmlValueResourcesForCommonMain NO-SOURCE
> Task :multiplatform:data:user:api:prepareComposeResourcesTaskForAndroidDebug NO-SOURCE
> Task :multiplatform:screen:welcome:impl:copyNonXmlValueResourcesForAndroidMain NO-SOURCE
> Task :multiplatform:screen:welcome:impl:convertXmlValueResourcesForCommonMain NO-SOURCE
> Task :multiplatform:screen:welcome:api:generateResourceAccessorsForAndroidDebug NO-SOURCE
> Task :multiplatform:data:user:api:prepareComposeResourcesTaskForCommonMain NO-SOURCE
> Task :multiplatform:screen:welcome:impl:copyNonXmlValueResourcesForCommonMain NO-SOURCE
> Task :multiplatform:screen:welcome:impl:convertXmlValueResourcesForAndroidDebug NO-SOURCE
> Task :multiplatform:screen:welcome:impl:kmpPartiallyResolvedDependenciesChecker
> Task :multiplatform:screen:welcome:impl:checkKotlinGradlePluginConfigurationErrors SKIPPED
> Task :multiplatform:screen:welcome:impl:javaPreCompileDebug UP-TO-DATE
> Task :multiplatform:screen:welcome:impl:prepareComposeResourcesTaskForCommonMain NO-SOURCE
> Task :multiplatform:screen:welcome:impl:generateComposeResClass UP-TO-DATE
> Task :multiplatform:screen:welcome:impl:generateExpectResourceCollectorsForCommonMain UP-TO-DATE
> Task :multiplatform:di:graph:loggedout:javaPreCompileDebug UP-TO-DATE
> Task :multiplatform:data:user:api:generateResourceAccessorsForAndroidDebug NO-SOURCE
> Task :multiplatform:app:bootstrap:api:javaPreCompileDebug UP-TO-DATE
> Task :multiplatform:screen:welcome:impl:convertXmlValueResourcesForAndroidMain NO-SOURCE
> Task :multiplatform:data:user:api:generateResourceAccessorsForCommonMain NO-SOURCE
> Task :multiplatform:app:bootstrap:impl:convertXmlValueResourcesForAndroidMain NO-SOURCE
> Task :multiplatform:app:bootstrap:impl:copyNonXmlValueResourcesForAndroidMain NO-SOURCE
> Task :multiplatform:screen:welcome:impl:prepareComposeResourcesTaskForAndroidMain NO-SOURCE
> Task :multiplatform:data:user:api:generateActualResourceCollectorsForAndroidMain UP-TO-DATE
> Task :multiplatform:screen:welcome:impl:copyNonXmlValueResourcesForAndroidDebug NO-SOURCE
> Task :multiplatform:screen:welcome:impl:generateResourceAccessorsForCommonMain NO-SOURCE
> Task :multiplatform:app:bootstrap:impl:kmpPartiallyResolvedDependenciesChecker
> Task :multiplatform:app:bootstrap:impl:copyNonXmlValueResourcesForCommonMain NO-SOURCE
> Task :multiplatform:screen:welcome:impl:generateResourceAccessorsForAndroidMain NO-SOURCE
> Task :multiplatform:app:bootstrap:impl:convertXmlValueResourcesForAndroidDebug NO-SOURCE
> Task :multiplatform:app:bootstrap:impl:convertXmlValueResourcesForCommonMain NO-SOURCE
> Task :multiplatform:app:bootstrap:impl:generateComposeResClass UP-TO-DATE
> Task :multiplatform:app:bootstrap:impl:generateExpectResourceCollectorsForCommonMain UP-TO-DATE
> Task :multiplatform:app:bootstrap:impl:prepareComposeResourcesTaskForCommonMain NO-SOURCE
> Task :multiplatform:screen:prelanding:api:kmpPartiallyResolvedDependenciesChecker
> Task :multiplatform:screen:welcome:impl:prepareComposeResourcesTaskForAndroidDebug NO-SOURCE
> Task :multiplatform:app:bootstrap:impl:checkKotlinGradlePluginConfigurationErrors SKIPPED
> Task :multiplatform:app:bootstrap:impl:prepareComposeResourcesTaskForAndroidMain NO-SOURCE
> Task :multiplatform:screen:prelanding:api:convertXmlValueResourcesForCommonMain NO-SOURCE
> Task :multiplatform:screen:welcome:impl:generateActualResourceCollectorsForAndroidMain UP-TO-DATE
> Task :multiplatform:app:bootstrap:impl:generateResourceAccessorsForAndroidMain NO-SOURCE
> Task :multiplatform:screen:prelanding:api:checkKotlinGradlePluginConfigurationErrors SKIPPED
> Task :multiplatform:screen:prelanding:api:copyNonXmlValueResourcesForCommonMain NO-SOURCE
> Task :multiplatform:screen:welcome:impl:generateResourceAccessorsForAndroidDebug NO-SOURCE
> Task :multiplatform:screen:prelanding:api:generateComposeResClass UP-TO-DATE
> Task :multiplatform:app:bootstrap:impl:copyNonXmlValueResourcesForAndroidDebug NO-SOURCE
> Task :multiplatform:app:bootstrap:impl:generateResourceAccessorsForCommonMain NO-SOURCE
> Task :multiplatform:screen:prelanding:api:convertXmlValueResourcesForAndroidMain NO-SOURCE
> Task :multiplatform:screen:prelanding:api:copyNonXmlValueResourcesForAndroidMain NO-SOURCE
> Task :multiplatform:screen:prelanding:api:convertXmlValueResourcesForAndroidDebug NO-SOURCE
> Task :multiplatform:screen:prelanding:api:javaPreCompileDebug UP-TO-DATE
> Task :multiplatform:screen:prelanding:api:generateExpectResourceCollectorsForCommonMain UP-TO-DATE
> Task :multiplatform:screen:prelanding:api:prepareComposeResourcesTaskForAndroidMain NO-SOURCE
> Task :multiplatform:data:auth:api:kmpPartiallyResolvedDependenciesChecker
> Task :multiplatform:data:auth:api:convertXmlValueResourcesForAndroidMain NO-SOURCE
> Task :multiplatform:app:bootstrap:impl:prepareComposeResourcesTaskForAndroidDebug NO-SOURCE
> Task :multiplatform:screen:prelanding:api:prepareComposeResourcesTaskForCommonMain NO-SOURCE
> Task :multiplatform:app:bootstrap:impl:javaPreCompileDebug UP-TO-DATE
> Task :multiplatform:app:bootstrap:impl:generateActualResourceCollectorsForAndroidMain UP-TO-DATE
> Task :multiplatform:app:bootstrap:impl:generateResourceAccessorsForAndroidDebug NO-SOURCE
> Task :multiplatform:data:auth:api:checkKotlinGradlePluginConfigurationErrors SKIPPED
> Task :multiplatform:screen:prelanding:api:copyNonXmlValueResourcesForAndroidDebug NO-SOURCE
> Task :multiplatform:data:auth:api:convertXmlValueResourcesForAndroidDebug NO-SOURCE
> Task :multiplatform:data:auth:api:copyNonXmlValueResourcesForAndroidMain NO-SOURCE
> Task :multiplatform:screen:prelanding:api:generateResourceAccessorsForAndroidMain NO-SOURCE
> Task :multiplatform:data:auth:api:copyNonXmlValueResourcesForAndroidDebug NO-SOURCE
> Task :multiplatform:data:auth:api:convertXmlValueResourcesForCommonMain NO-SOURCE
> Task :multiplatform:data:auth:api:javaPreCompileDebug UP-TO-DATE
> Task :multiplatform:data:auth:api:generateExpectResourceCollectorsForCommonMain UP-TO-DATE
> Task :multiplatform:screen:prelanding:api:generateResourceAccessorsForCommonMain NO-SOURCE
> Task :multiplatform:screen:prelanding:api:prepareComposeResourcesTaskForAndroidDebug NO-SOURCE
> Task :multiplatform:data:auth:impl:copyNonXmlValueResourcesForAndroidMain NO-SOURCE
> Task :multiplatform:data:auth:api:prepareComposeResourcesTaskForAndroidMain NO-SOURCE
> Task :multiplatform:screen:prelanding:api:generateActualResourceCollectorsForAndroidMain UP-TO-DATE
> Task :multiplatform:data:auth:impl:convertXmlValueResourcesForCommonMain NO-SOURCE
> Task :multiplatform:data:auth:api:generateComposeResClass UP-TO-DATE
> Task :multiplatform:data:auth:impl:convertXmlValueResourcesForAndroidMain NO-SOURCE
> Task :multiplatform:data:auth:impl:kmpPartiallyResolvedDependenciesChecker
> Task :multiplatform:data:auth:api:copyNonXmlValueResourcesForCommonMain NO-SOURCE
> Task :multiplatform:data:auth:impl:copyNonXmlValueResourcesForCommonMain NO-SOURCE
> Task :multiplatform:data:auth:api:prepareComposeResourcesTaskForAndroidDebug NO-SOURCE
> Task :multiplatform:screen:prelanding:api:generateResourceAccessorsForAndroidDebug NO-SOURCE
> Task :multiplatform:data:auth:api:generateResourceAccessorsForAndroidMain NO-SOURCE
> Task :multiplatform:data:auth:impl:prepareComposeResourcesTaskForCommonMain NO-SOURCE
> Task :multiplatform:data:auth:impl:convertXmlValueResourcesForAndroidDebug NO-SOURCE
> Task :multiplatform:data:auth:impl:generateComposeResClass UP-TO-DATE
> Task :multiplatform:data:auth:impl:checkKotlinGradlePluginConfigurationErrors SKIPPED
> Task :multiplatform:data:auth:impl:generateExpectResourceCollectorsForCommonMain UP-TO-DATE
> Task :multiplatform:data:devsettings:api:convertXmlValueResourcesForAndroidMain NO-SOURCE
> Task :multiplatform:data:devsettings:api:kmpPartiallyResolvedDependenciesChecker
> Task :multiplatform:data:auth:impl:javaPreCompileDebug UP-TO-DATE
> Task :multiplatform:data:auth:impl:copyNonXmlValueResourcesForAndroidDebug NO-SOURCE
> Task :multiplatform:data:auth:impl:generateResourceAccessorsForCommonMain NO-SOURCE
> Task :multiplatform:data:auth:api:prepareComposeResourcesTaskForCommonMain NO-SOURCE
> Task :multiplatform:data:auth:api:generateResourceAccessorsForAndroidDebug NO-SOURCE
> Task :multiplatform:data:auth:impl:prepareComposeResourcesTaskForAndroidDebug NO-SOURCE
> Task :multiplatform:data:devsettings:api:convertXmlValueResourcesForCommonMain NO-SOURCE
> Task :multiplatform:data:devsettings:api:checkKotlinGradlePluginConfigurationErrors SKIPPED
> Task :multiplatform:data:auth:api:generateResourceAccessorsForCommonMain NO-SOURCE
> Task :multiplatform:data:devsettings:api:convertXmlValueResourcesForAndroidDebug NO-SOURCE
> Task :multiplatform:data:auth:impl:prepareComposeResourcesTaskForAndroidMain NO-SOURCE
> Task :multiplatform:data:devsettings:api:generateExpectResourceCollectorsForCommonMain UP-TO-DATE
> Task :multiplatform:data:devsettings:api:javaPreCompileDebug UP-TO-DATE
> Task :multiplatform:data:devsettings:api:copyNonXmlValueResourcesForCommonMain NO-SOURCE
> Task :multiplatform:data:devsettings:api:copyNonXmlValueResourcesForAndroidDebug NO-SOURCE
> Task :multiplatform:data:devsettings:impl:kmpPartiallyResolvedDependenciesChecker
> Task :multiplatform:data:devsettings:api:copyNonXmlValueResourcesForAndroidMain NO-SOURCE
> Task :multiplatform:data:devsettings:api:generateComposeResClass UP-TO-DATE
> Task :multiplatform:data:devsettings:impl:checkKotlinGradlePluginConfigurationErrors SKIPPED
> Task :multiplatform:data:auth:impl:generateResourceAccessorsForAndroidMain NO-SOURCE
> Task :multiplatform:data:devsettings:api:prepareComposeResourcesTaskForAndroidDebug NO-SOURCE
> Task :multiplatform:data:devsettings:api:prepareComposeResourcesTaskForAndroidMain NO-SOURCE
> Task :multiplatform:data:devsettings:impl:convertXmlValueResourcesForCommonMain NO-SOURCE
> Task :multiplatform:data:auth:impl:generateResourceAccessorsForAndroidDebug NO-SOURCE
> Task :multiplatform:data:auth:impl:generateActualResourceCollectorsForAndroidMain UP-TO-DATE
> Task :multiplatform:data:devsettings:impl:generateComposeResClass UP-TO-DATE
> Task :multiplatform:data:auth:api:generateActualResourceCollectorsForAndroidMain UP-TO-DATE
> Task :multiplatform:data:devsettings:api:generateResourceAccessorsForAndroidMain NO-SOURCE
> Task :multiplatform:data:devsettings:api:prepareComposeResourcesTaskForCommonMain NO-SOURCE
> Task :multiplatform:data:devsettings:impl:copyNonXmlValueResourcesForAndroidMain NO-SOURCE
> Task :multiplatform:data:devsettings:impl:convertXmlValueResourcesForAndroidDebug NO-SOURCE
> Task :multiplatform:data:devsettings:impl:generateExpectResourceCollectorsForCommonMain UP-TO-DATE
> Task :multiplatform:data:devsettings:api:generateResourceAccessorsForAndroidDebug NO-SOURCE
> Task :multiplatform:data:devsettings:impl:convertXmlValueResourcesForAndroidMain NO-SOURCE
> Task :multiplatform:data:devsettings:impl:copyNonXmlValueResourcesForCommonMain NO-SOURCE
> Task :multiplatform:data:auth:api:kspDebugKotlinAndroid SKIPPED
> Task :multiplatform:data:devsettings:impl:javaPreCompileDebug UP-TO-DATE
> Task :multiplatform:data:devsettings:impl:copyNonXmlValueResourcesForAndroidDebug NO-SOURCE
> Task :multiplatform:data:devsettings:api:generateResourceAccessorsForCommonMain NO-SOURCE
> Task :multiplatform:data:post:impl:convertXmlValueResourcesForCommonMain NO-SOURCE
> Task :multiplatform:data:post:impl:copyNonXmlValueResourcesForAndroidMain NO-SOURCE
> Task :multiplatform:data:post:impl:kmpPartiallyResolvedDependenciesChecker
> Task :multiplatform:data:devsettings:impl:prepareComposeResourcesTaskForAndroidMain NO-SOURCE
> Task :multiplatform:data:post:impl:checkKotlinGradlePluginConfigurationErrors SKIPPED
> Task :multiplatform:data:devsettings:impl:prepareComposeResourcesTaskForAndroidDebug NO-SOURCE
> Task :multiplatform:data:post:impl:copyNonXmlValueResourcesForCommonMain NO-SOURCE
> Task :multiplatform:data:devsettings:impl:prepareComposeResourcesTaskForCommonMain NO-SOURCE
> Task :multiplatform:data:devsettings:impl:generateResourceAccessorsForCommonMain NO-SOURCE
> Task :multiplatform:data:devsettings:impl:generateResourceAccessorsForAndroidMain NO-SOURCE
> Task :multiplatform:data:post:impl:generateComposeResClass UP-TO-DATE
> Task :multiplatform:data:devsettings:impl:generateResourceAccessorsForAndroidDebug NO-SOURCE
> Task :multiplatform:data:post:impl:prepareComposeResourcesTaskForCommonMain NO-SOURCE
> Task :multiplatform:data:post:impl:convertXmlValueResourcesForAndroidMain NO-SOURCE
> Task :multiplatform:data:devsettings:api:generateActualResourceCollectorsForAndroidMain UP-TO-DATE
> Task :multiplatform:data:post:impl:generateResourceAccessorsForCommonMain NO-SOURCE
> Task :multiplatform:data:post:impl:javaPreCompileDebug UP-TO-DATE
> Task :multiplatform:data:devsettings:impl:generateActualResourceCollectorsForAndroidMain UP-TO-DATE
> Task :multiplatform:data:post:impl:generateExpectResourceCollectorsForCommonMain UP-TO-DATE
> Task :multiplatform:data:post:impl:convertXmlValueResourcesForAndroidDebug NO-SOURCE
> Task :multiplatform:data:devsettings:api:kspDebugKotlinAndroid SKIPPED
> Task :multiplatform:data:post:impl:prepareComposeResourcesTaskForAndroidMain NO-SOURCE
> Task :multiplatform:data:trail:impl:copyNonXmlValueResourcesForAndroidMain NO-SOURCE
> Task :multiplatform:data:post:impl:copyNonXmlValueResourcesForAndroidDebug NO-SOURCE
> Task :multiplatform:data:trail:impl:copyNonXmlValueResourcesForCommonMain NO-SOURCE
> Task :multiplatform:data:post:impl:prepareComposeResourcesTaskForAndroidDebug NO-SOURCE
> Task :multiplatform:data:trail:impl:kmpPartiallyResolvedDependenciesChecker
> Task :multiplatform:data:post:impl:generateResourceAccessorsForAndroidMain NO-SOURCE
> Task :multiplatform:data:trail:impl:checkKotlinGradlePluginConfigurationErrors SKIPPED
> Task :multiplatform:data:trail:impl:generateComposeResClass UP-TO-DATE
> Task :multiplatform:data:trail:impl:convertXmlValueResourcesForCommonMain NO-SOURCE
> Task :multiplatform:data:trail:impl:generateExpectResourceCollectorsForCommonMain UP-TO-DATE
> Task :multiplatform:data:trail:impl:generateCommonMainM1DatabaseInterface UP-TO-DATE
> Task :multiplatform:data:post:impl:generateResourceAccessorsForAndroidDebug NO-SOURCE
> Task :multiplatform:data:trail:impl:convertXmlValueResourcesForAndroidMain NO-SOURCE
> Task :multiplatform:data:trail:impl:convertXmlValueResourcesForAndroidDebug NO-SOURCE
> Task :multiplatform:data:user:impl:convertXmlValueResourcesForAndroidMain NO-SOURCE
> Task :multiplatform:data:trail:impl:javaPreCompileDebug UP-TO-DATE
> Task :multiplatform:data:post:impl:generateActualResourceCollectorsForAndroidMain UP-TO-DATE
> Task :multiplatform:data:trail:impl:prepareComposeResourcesTaskForCommonMain NO-SOURCE
> Task :multiplatform:data:trail:impl:prepareComposeResourcesTaskForAndroidMain NO-SOURCE
> Task :multiplatform:data:user:impl:copyNonXmlValueResourcesForAndroidMain NO-SOURCE
> Task :multiplatform:data:user:impl:generateComposeResClass UP-TO-DATE
> Task :multiplatform:data:trail:impl:generateResourceAccessorsForCommonMain NO-SOURCE
> Task :multiplatform:data:user:impl:kmpPartiallyResolvedDependenciesChecker
> Task :multiplatform:data:user:impl:convertXmlValueResourcesForCommonMain NO-SOURCE
> Task :multiplatform:data:trail:impl:copyNonXmlValueResourcesForAndroidDebug NO-SOURCE
> Task :multiplatform:data:user:impl:convertXmlValueResourcesForAndroidDebug NO-SOURCE
> Task :multiplatform:data:user:impl:copyNonXmlValueResourcesForCommonMain NO-SOURCE
> Task :multiplatform:data:user:impl:prepareComposeResourcesTaskForAndroidMain NO-SOURCE
> Task :multiplatform:data:user:impl:checkKotlinGradlePluginConfigurationErrors SKIPPED
> Task :multiplatform:data:trail:impl:prepareComposeResourcesTaskForAndroidDebug NO-SOURCE
> Task :multiplatform:data:user:impl:prepareComposeResourcesTaskForCommonMain NO-SOURCE
> Task :multiplatform:model:network:compileDebugKotlinAndroid UP-TO-DATE
> Task :multiplatform:data:trail:impl:generateResourceAccessorsForAndroidMain NO-SOURCE
> Task :multiplatform:data:user:impl:generateExpectResourceCollectorsForCommonMain UP-TO-DATE
> Task :multiplatform:data:user:impl:generateResourceAccessorsForCommonMain NO-SOURCE
> Task :multiplatform:data:user:impl:copyNonXmlValueResourcesForAndroidDebug NO-SOURCE
> Task :multiplatform:data:user:impl:javaPreCompileDebug UP-TO-DATE
> Task :multiplatform:data:user:impl:generateResourceAccessorsForAndroidMain NO-SOURCE
> Task :multiplatform:data:trail:impl:generateActualResourceCollectorsForAndroidMain UP-TO-DATE
> Task :multiplatform:di:graph:app:convertXmlValueResourcesForAndroidMain NO-SOURCE
> Task :multiplatform:di:graph:app:kmpPartiallyResolvedDependenciesChecker
> Task :multiplatform:data:user:impl:prepareComposeResourcesTaskForAndroidDebug NO-SOURCE
> Task :multiplatform:di:graph:app:copyNonXmlValueResourcesForAndroidMain NO-SOURCE
> Task :multiplatform:data:trail:impl:generateResourceAccessorsForAndroidDebug NO-SOURCE
> Task :multiplatform:di:graph:app:convertXmlValueResourcesForCommonMain NO-SOURCE
> Task :multiplatform:data:user:impl:generateActualResourceCollectorsForAndroidMain UP-TO-DATE
> Task :multiplatform:data:post:api:compileDebugKotlinAndroid UP-TO-DATE
> Task :multiplatform:di:graph:app:checkKotlinGradlePluginConfigurationErrors SKIPPED
> Task :multiplatform:di:graph:app:copyNonXmlValueResourcesForCommonMain NO-SOURCE
> Task :multiplatform:di:graph:app:generateComposeResClass UP-TO-DATE
> Task :multiplatform:data:user:impl:generateResourceAccessorsForAndroidDebug NO-SOURCE
> Task :multiplatform:di:graph:app:prepareComposeResourcesTaskForAndroidMain NO-SOURCE
> Task :multiplatform:feat:filters:api:compileDebugKotlinAndroid UP-TO-DATE
> Task :multiplatform:data:trail:impl:kspDebugKotlinAndroid SKIPPED
> Task :multiplatform:di:graph:app:generateExpectResourceCollectorsForCommonMain UP-TO-DATE
> Task :multiplatform:di:graph:app:javaPreCompileDebug UP-TO-DATE
> Task :multiplatform:app:core:javaPreCompileDebug UP-TO-DATE
> Task :multiplatform:di:graph:app:prepareComposeResourcesTaskForCommonMain NO-SOURCE
> Task :multiplatform:di:graph:app:copyNonXmlValueResourcesForAndroidDebug NO-SOURCE
> Task :multiplatform:data:post:api:compileDebugJavaWithJavac NO-SOURCE
> Task :multiplatform:model:network:compileDebugJavaWithJavac NO-SOURCE
> Task :multiplatform:di:graph:app:convertXmlValueResourcesForAndroidDebug NO-SOURCE
> Task :multiplatform:di:graph:app:generateResourceAccessorsForAndroidMain NO-SOURCE
> Task :multiplatform:feat:savetrail:api:compileDebugKotlinAndroid UP-TO-DATE
> Task :multiplatform:feat:filters:api:compileDebugJavaWithJavac NO-SOURCE
> Task :multiplatform:di:graph:app:prepareComposeResourcesTaskForAndroidDebug NO-SOURCE
> Task :multiplatform:di:graph:app:generateResourceAccessorsForCommonMain NO-SOURCE
> Task :server:api:debugAssetsCopyForAGP NO-SOURCE
> Task :apps:android:javaPreCompileDebug UP-TO-DATE
> Task :multiplatform:model:network:bundleLibCompileToJarDebug UP-TO-DATE
> Task :multiplatform:data:post:api:bundleLibCompileToJarDebug UP-TO-DATE
> Task :server:api:mergeDebugShaders UP-TO-DATE
> Task :multiplatform:di:graph:app:generateResourceAccessorsForAndroidDebug NO-SOURCE
> Task :apps:android:mergeDebugShaders UP-TO-DATE
> Task :multiplatform:feat:savetrail:api:compileDebugJavaWithJavac NO-SOURCE
> Task :server:fake:debugAssetsCopyForAGP NO-SOURCE
> Task :multiplatform:di:graph:app:generateActualResourceCollectorsForAndroidMain UP-TO-DATE
> Task :multiplatform:data:user:api:kspDebugKotlinAndroid SKIPPED
> Task :multiplatform:feat:filters:api:bundleLibCompileToJarDebug UP-TO-DATE
> Task :server:fake:mergeDebugShaders UP-TO-DATE
> Task :server:api:compileDebugShaders NO-SOURCE
> Task :server:api:generateDebugAssets UP-TO-DATE
> Task :multiplatform:app:context:debugAssetsCopyForAGP NO-SOURCE
> Task :multiplatform:app:context:mergeDebugShaders UP-TO-DATE
> Task :multiplatform:feat:savetrail:api:bundleLibCompileToJarDebug UP-TO-DATE
> Task :multiplatform:screen:explore:api:kspDebugKotlinAndroid SKIPPED
> Task :server:fake:compileDebugShaders NO-SOURCE
> Task :apps:android:compileDebugShaders NO-SOURCE
> Task :server:api:mergeDebugAssets UP-TO-DATE
> Task :multiplatform:di:graph:inactive:compileDebugKotlinAndroid UP-TO-DATE
> Task :multiplatform:app:core:debugAssetsCopyForAGP NO-SOURCE
> Task :apps:android:generateDebugAssets UP-TO-DATE
> Task :server:fake:generateDebugAssets UP-TO-DATE
> Task :multiplatform:foundation:designsystem:compileDebugKotlinAndroid UP-TO-DATE
> Task :multiplatform:app:context:compileDebugShaders NO-SOURCE
> Task :multiplatform:app:context:generateDebugAssets UP-TO-DATE
> Task :multiplatform:app:core:mergeDebugShaders UP-TO-DATE
> Task :multiplatform:di:graph:inactive:compileDebugJavaWithJavac NO-SOURCE
> Task :multiplatform:app:context:copyDebugComposeResourcesToAndroidAssets UP-TO-DATE
> Task :server:fake:mergeDebugAssets UP-TO-DATE
> Task :multiplatform:di:scope:debugAssetsCopyForAGP NO-SOURCE
> Task :multiplatform:app:core:compileDebugShaders NO-SOURCE
> Task :multiplatform:foundation:coroutines:debugAssetsCopyForAGP NO-SOURCE
> Task :multiplatform:app:core:copyDebugComposeResourcesToAndroidAssets UP-TO-DATE
> Task :multiplatform:app:core:generateDebugAssets UP-TO-DATE
> Task :multiplatform:foundation:designsystem:compileDebugJavaWithJavac NO-SOURCE
> Task :multiplatform:foundation:coroutines:mergeDebugShaders UP-TO-DATE
> Task :multiplatform:di:graph:inactive:bundleLibCompileToJarDebug UP-TO-DATE
> Task :multiplatform:di:scope:mergeDebugShaders UP-TO-DATE
> Task :multiplatform:foundation:designsystem:mergeDebugShaders UP-TO-DATE
> Task :multiplatform:foundation:designsystem:copyDebugComposeResourcesToAndroidAssets UP-TO-DATE
> Task :multiplatform:foundation:designsystem:debugAssetsCopyForAGP NO-SOURCE
> Task :multiplatform:foundation:logging:mergeDebugShaders UP-TO-DATE
> Task :multiplatform:app:context:mergeDebugAssets UP-TO-DATE
> Task :multiplatform:app:core:mergeDebugAssets UP-TO-DATE
> Task :multiplatform:di:scope:compileDebugShaders NO-SOURCE
> Task :multiplatform:foundation:logging:debugAssetsCopyForAGP NO-SOURCE
> Task :multiplatform:di:scope:generateDebugAssets UP-TO-DATE
> Task :multiplatform:foundation:designsystem:compileDebugShaders NO-SOURCE
> Task :multiplatform:foundation:designsystem:bundleLibCompileToJarDebug UP-TO-DATE
> Task :multiplatform:foundation:coroutines:compileDebugShaders NO-SOURCE
> Task :multiplatform:foundation:networking:debugAssetsCopyForAGP NO-SOURCE
> Task :multiplatform:app:scaffold:api:kspDebugKotlinAndroid SKIPPED
> Task :multiplatform:screen:home:api:kspDebugKotlinAndroid SKIPPED
> Task :multiplatform:screen:profile:api:kspDebugKotlinAndroid SKIPPED
> Task :multiplatform:feat:savetrail:impl:kspDebugKotlinAndroid SKIPPED
> Task :multiplatform:foundation:networking:mergeDebugShaders UP-TO-DATE
> Task :multiplatform:foundation:coroutines:generateDebugAssets UP-TO-DATE
> Task :multiplatform:foundation:networking:copyDebugComposeResourcesToAndroidAssets UP-TO-DATE
> Task :multiplatform:screen:prelanding:api:kspDebugKotlinAndroid SKIPPED
> Task :multiplatform:foundation:designsystem:generateDebugAssets UP-TO-DATE
> Task :multiplatform:screen:welcome:api:kspDebugKotlinAndroid SKIPPED
> Task :multiplatform:foundation:parcel:mergeDebugShaders UP-TO-DATE
> Task :multiplatform:foundation:logging:compileDebugShaders NO-SOURCE
> Task :multiplatform:foundation:logging:generateDebugAssets UP-TO-DATE
> Task :multiplatform:foundation:coroutines:mergeDebugAssets UP-TO-DATE
> Task :multiplatform:foundation:networking:compileDebugShaders NO-SOURCE
> Task :multiplatform:foundation:designsystem:mergeDebugAssets UP-TO-DATE
> Task :multiplatform:foundation:networking:generateDebugAssets UP-TO-DATE
> Task :multiplatform:foundation:logging:mergeDebugAssets UP-TO-DATE
> Task :multiplatform:di:scope:mergeDebugAssets UP-TO-DATE
> Task :multiplatform:foundation:parcel:debugAssetsCopyForAGP NO-SOURCE
> Task :multiplatform:foundation:parcel:compileDebugShaders NO-SOURCE
> Task :multiplatform:foundation:networking:mergeDebugAssets UP-TO-DATE
> Task :multiplatform:foundation:parcel:generateDebugAssets UP-TO-DATE
> Task :multiplatform:model:db:debugAssetsCopyForAGP NO-SOURCE
> Task :multiplatform:model:db:mergeDebugShaders UP-TO-DATE
> Task :multiplatform:foundation:parcel:mergeDebugAssets UP-TO-DATE
> Task :multiplatform:model:db:copyDebugComposeResourcesToAndroidAssets UP-TO-DATE
> Task :multiplatform:model:db:compileDebugShaders NO-SOURCE
> Task :multiplatform:model:db:generateDebugAssets UP-TO-DATE
> Task :multiplatform:model:domain:debugAssetsCopyForAGP NO-SOURCE
> Task :multiplatform:model:domain:copyDebugComposeResourcesToAndroidAssets UP-TO-DATE
> Task :multiplatform:data:auth:api:compileDebugKotlinAndroid UP-TO-DATE
> Task :multiplatform:model:domain:mergeDebugShaders UP-TO-DATE
> Task :multiplatform:model:domain:compileDebugShaders NO-SOURCE
> Task :multiplatform:model:domain:generateDebugAssets UP-TO-DATE
> Task :multiplatform:model:db:mergeDebugAssets UP-TO-DATE
> Task :multiplatform:data:auth:api:compileDebugJavaWithJavac NO-SOURCE
> Task :multiplatform:model:network:mergeDebugShaders UP-TO-DATE
> Task :multiplatform:model:network:debugAssetsCopyForAGP NO-SOURCE
> Task :multiplatform:model:network:copyDebugComposeResourcesToAndroidAssets UP-TO-DATE
> Task :multiplatform:model:domain:mergeDebugAssets UP-TO-DATE
> Task :multiplatform:app:bootstrap:api:debugAssetsCopyForAGP NO-SOURCE
> Task :multiplatform:model:network:compileDebugShaders NO-SOURCE
> Task :multiplatform:data:auth:api:bundleLibCompileToJarDebug UP-TO-DATE
> Task :multiplatform:model:network:generateDebugAssets UP-TO-DATE
> Task :multiplatform:data:auth:impl:kspDebugKotlinAndroid SKIPPED
> Task :multiplatform:app:bootstrap:impl:mergeDebugShaders UP-TO-DATE
> Task :multiplatform:data:devsettings:api:compileDebugKotlinAndroid UP-TO-DATE
> Task :multiplatform:app:bootstrap:api:mergeDebugShaders UP-TO-DATE
> Task :multiplatform:model:network:mergeDebugAssets UP-TO-DATE
> Task :multiplatform:app:bootstrap:impl:compileDebugShaders NO-SOURCE
> Task :multiplatform:app:bootstrap:impl:copyDebugComposeResourcesToAndroidAssets UP-TO-DATE
> Task :multiplatform:data:devsettings:api:compileDebugJavaWithJavac NO-SOURCE
> Task :multiplatform:app:bootstrap:impl:generateDebugAssets UP-TO-DATE
> Task :multiplatform:app:bootstrap:impl:debugAssetsCopyForAGP NO-SOURCE
> Task :multiplatform:data:devsettings:api:bundleLibCompileToJarDebug UP-TO-DATE
> Task :multiplatform:app:bootstrap:impl:mergeDebugAssets UP-TO-DATE
> Task :multiplatform:app:scaffold:api:mergeDebugShaders UP-TO-DATE
> Task :multiplatform:data:devsettings:impl:kspDebugKotlinAndroid SKIPPED
> Task :multiplatform:app:bootstrap:api:compileDebugShaders NO-SOURCE
> Task :multiplatform:data:post:impl:kspDebugKotlinAndroid SKIPPED
> Task :multiplatform:app:bootstrap:api:generateDebugAssets UP-TO-DATE
> Task :multiplatform:app:scaffold:api:compileDebugShaders NO-SOURCE
> Task :multiplatform:app:bootstrap:api:mergeDebugAssets UP-TO-DATE
> Task :multiplatform:app:scaffold:api:generateDebugAssets UP-TO-DATE
> Task :multiplatform:app:scaffold:api:copyDebugComposeResourcesToAndroidAssets UP-TO-DATE
> Task :multiplatform:app:scaffold:api:debugAssetsCopyForAGP NO-SOURCE
> Task :multiplatform:app:scaffold:impl:copyDebugComposeResourcesToAndroidAssets UP-TO-DATE
> Task :multiplatform:app:scaffold:impl:mergeDebugShaders UP-TO-DATE
> Task :multiplatform:app:scaffold:api:mergeDebugAssets UP-TO-DATE
> Task :multiplatform:app:scaffold:impl:compileDebugShaders NO-SOURCE
> Task :multiplatform:app:scaffold:impl:debugAssetsCopyForAGP NO-SOURCE
> Task :multiplatform:app:scaffold:impl:generateDebugAssets UP-TO-DATE
> Task :multiplatform:data:auth:api:copyDebugComposeResourcesToAndroidAssets UP-TO-DATE
> Task :multiplatform:data:auth:api:mergeDebugShaders UP-TO-DATE
> Task :multiplatform:app:scaffold:impl:mergeDebugAssets UP-TO-DATE
> Task :multiplatform:data:auth:api:debugAssetsCopyForAGP NO-SOURCE
> Task :multiplatform:data:auth:api:compileDebugShaders NO-SOURCE
> Task :multiplatform:data:auth:api:generateDebugAssets UP-TO-DATE
> Task :multiplatform:data:auth:impl:mergeDebugShaders UP-TO-DATE
> Task :multiplatform:data:user:api:compileDebugKotlinAndroid UP-TO-DATE
> Task :multiplatform:data:auth:impl:copyDebugComposeResourcesToAndroidAssets UP-TO-DATE
> Task :multiplatform:data:auth:api:mergeDebugAssets UP-TO-DATE
> Task :multiplatform:data:auth:impl:debugAssetsCopyForAGP NO-SOURCE
> Task :multiplatform:data:auth:impl:compileDebugShaders NO-SOURCE
> Task :multiplatform:data:auth:impl:generateDebugAssets UP-TO-DATE
> Task :multiplatform:data:user:api:compileDebugJavaWithJavac NO-SOURCE
> Task :multiplatform:data:user:api:bundleLibCompileToJarDebug UP-TO-DATE
> Task :multiplatform:data:devsettings:api:mergeDebugShaders UP-TO-DATE
> Task :multiplatform:data:devsettings:api:compileDebugShaders NO-SOURCE
> Task :multiplatform:data:auth:impl:mergeDebugAssets UP-TO-DATE
> Task :multiplatform:data:user:impl:kspDebugKotlinAndroid SKIPPED
> Task :multiplatform:data:devsettings:api:generateDebugAssets UP-TO-DATE
> Task :multiplatform:data:devsettings:api:debugAssetsCopyForAGP NO-SOURCE
> Task :multiplatform:data:devsettings:api:copyDebugComposeResourcesToAndroidAssets UP-TO-DATE
> Task :multiplatform:screen:explore:api:compileDebugKotlinAndroid UP-TO-DATE
> Task :multiplatform:data:trail:impl:compileDebugKotlinAndroid UP-TO-DATE
> Task :multiplatform:data:devsettings:impl:mergeDebugShaders UP-TO-DATE
> Task :multiplatform:data:devsettings:api:mergeDebugAssets UP-TO-DATE
> Task :multiplatform:screen:explore:api:compileDebugJavaWithJavac NO-SOURCE
> Task :multiplatform:data:devsettings:impl:copyDebugComposeResourcesToAndroidAssets UP-TO-DATE
> Task :multiplatform:data:devsettings:impl:debugAssetsCopyForAGP NO-SOURCE
> Task :multiplatform:data:trail:impl:compileDebugJavaWithJavac NO-SOURCE
> Task :multiplatform:data:devsettings:impl:compileDebugShaders NO-SOURCE
> Task :multiplatform:screen:explore:api:bundleLibCompileToJarDebug UP-TO-DATE
> Task :multiplatform:data:devsettings:impl:generateDebugAssets UP-TO-DATE
> Task :multiplatform:data:trail:impl:bundleLibCompileToJarDebug UP-TO-DATE
> Task :multiplatform:screen:activity:api:kspDebugKotlinAndroid SKIPPED
> Task :multiplatform:screen:prelanding:api:compileDebugKotlinAndroid UP-TO-DATE
> Task :multiplatform:data:post:api:mergeDebugShaders UP-TO-DATE
> Task :multiplatform:screen:collection:api:kspDebugKotlinAndroid SKIPPED
> Task :multiplatform:screen:profile:api:compileDebugKotlinAndroid UP-TO-DATE
> Task :multiplatform:screen:foryou:api:kspDebugKotlinAndroid SKIPPED
> Task :multiplatform:screen:navigate:api:kspDebugKotlinAndroid SKIPPED
> Task :multiplatform:data:post:api:copyDebugComposeResourcesToAndroidAssets UP-TO-DATE
> Task :multiplatform:screen:saved:api:kspDebugKotlinAndroid SKIPPED
> Task :multiplatform:screen:traildetail:api:kspDebugKotlinAndroid SKIPPED
> Task :multiplatform:feat:savetrail:impl:compileDebugKotlinAndroid UP-TO-DATE
> Task :multiplatform:screen:welcome:api:compileDebugKotlinAndroid UP-TO-DATE
> Task :multiplatform:feat:savetrail:impl:compileDebugJavaWithJavac NO-SOURCE
> Task :multiplatform:screen:profile:api:compileDebugJavaWithJavac NO-SOURCE
> Task :multiplatform:screen:home:api:compileDebugKotlinAndroid UP-TO-DATE
> Task :multiplatform:feat:savetrail:impl:bundleLibCompileToJarDebug UP-TO-DATE
> Task :multiplatform:screen:profile:api:bundleLibCompileToJarDebug UP-TO-DATE
> Task :multiplatform:screen:welcome:api:compileDebugJavaWithJavac NO-SOURCE
> Task :multiplatform:feat:filters:impl:kspDebugKotlinAndroid SKIPPED
> Task :multiplatform:screen:explore:impl:kspDebugKotlinAndroid SKIPPED
> Task :apps:android:processDebugResources UP-TO-DATE
> Task :multiplatform:screen:home:api:compileDebugJavaWithJavac NO-SOURCE
> Task :multiplatform:screen:profile:impl:kspDebugKotlinAndroid SKIPPED
> Task :multiplatform:app:scaffold:api:compileDebugKotlinAndroid UP-TO-DATE
> Task :multiplatform:screen:welcome:api:bundleLibCompileToJarDebug UP-TO-DATE
> Task :multiplatform:screen:home:api:bundleLibCompileToJarDebug UP-TO-DATE
> Task :multiplatform:screen:welcome:impl:kspDebugKotlinAndroid SKIPPED
> Task :multiplatform:data:auth:impl:compileDebugKotlinAndroid UP-TO-DATE
> Task :multiplatform:app:scaffold:api:compileDebugJavaWithJavac NO-SOURCE
> Task :multiplatform:screen:home:impl:kspDebugKotlinAndroid SKIPPED
> Task :multiplatform:app:scaffold:api:bundleLibCompileToJarDebug UP-TO-DATE
> Task :multiplatform:screen:prelanding:api:compileDebugJavaWithJavac NO-SOURCE
> Task :multiplatform:app:scaffold:impl:kspDebugKotlinAndroid SKIPPED
> Task :multiplatform:screen:prelanding:api:bundleLibCompileToJarDebug UP-TO-DATE
> Task :multiplatform:data:auth:impl:compileDebugJavaWithJavac NO-SOURCE
> Task :multiplatform:data:auth:impl:bundleLibCompileToJarDebug UP-TO-DATE
> Task :multiplatform:data:devsettings:impl:mergeDebugAssets UP-TO-DATE
> Task :multiplatform:data:post:api:compileDebugShaders NO-SOURCE
> Task :multiplatform:data:post:api:debugAssetsCopyForAGP NO-SOURCE
> Task :multiplatform:data:post:api:generateDebugAssets UP-TO-DATE
> Task :multiplatform:data:devsettings:impl:compileDebugKotlinAndroid UP-TO-DATE
> Task :multiplatform:data:post:api:mergeDebugAssets UP-TO-DATE
> Task :multiplatform:data:devsettings:impl:compileDebugJavaWithJavac NO-SOURCE
> Task :multiplatform:data:devsettings:impl:bundleLibCompileToJarDebug UP-TO-DATE
> Task :multiplatform:data:post:impl:mergeDebugShaders UP-TO-DATE
> Task :multiplatform:data:post:impl:compileDebugShaders NO-SOURCE
> Task :multiplatform:data:post:impl:compileDebugKotlinAndroid UP-TO-DATE
> Task :multiplatform:data:post:impl:copyDebugComposeResourcesToAndroidAssets UP-TO-DATE
> Task :multiplatform:data:post:impl:debugAssetsCopyForAGP NO-SOURCE
> Task :multiplatform:data:post:impl:generateDebugAssets UP-TO-DATE
> Task :multiplatform:data:post:impl:compileDebugJavaWithJavac NO-SOURCE
> Task :multiplatform:data:trail:api:mergeDebugShaders UP-TO-DATE
> Task :multiplatform:data:post:impl:bundleLibCompileToJarDebug UP-TO-DATE
> Task :multiplatform:data:trail:api:compileDebugShaders NO-SOURCE
> Task :multiplatform:data:trail:api:debugAssetsCopyForAGP NO-SOURCE
> Task :multiplatform:data:trail:api:generateDebugAssets UP-TO-DATE
> Task :multiplatform:data:trail:api:copyDebugComposeResourcesToAndroidAssets UP-TO-DATE
> Task :multiplatform:data:post:impl:mergeDebugAssets UP-TO-DATE
> Task :multiplatform:data:trail:impl:mergeDebugShaders UP-TO-DATE
> Task :multiplatform:data:trail:api:mergeDebugAssets UP-TO-DATE
> Task :multiplatform:data:trail:impl:compileDebugShaders NO-SOURCE
> Task :multiplatform:data:trail:impl:debugAssetsCopyForAGP NO-SOURCE
> Task :multiplatform:data:trail:impl:copyDebugComposeResourcesToAndroidAssets UP-TO-DATE
> Task :multiplatform:data:trail:impl:generateDebugAssets UP-TO-DATE
> Task :multiplatform:data:user:api:mergeDebugShaders UP-TO-DATE
> Task :multiplatform:data:user:api:copyDebugComposeResourcesToAndroidAssets UP-TO-DATE
> Task :multiplatform:data:trail:impl:mergeDebugAssets UP-TO-DATE
> Task :multiplatform:data:user:api:compileDebugShaders NO-SOURCE
> Task :multiplatform:data:user:api:generateDebugAssets UP-TO-DATE
> Task :multiplatform:data:user:api:debugAssetsCopyForAGP NO-SOURCE
> Task :multiplatform:data:user:impl:mergeDebugShaders UP-TO-DATE
> Task :multiplatform:data:user:api:mergeDebugAssets UP-TO-DATE
> Task :multiplatform:data:user:impl:compileDebugShaders NO-SOURCE
> Task :multiplatform:data:user:impl:copyDebugComposeResourcesToAndroidAssets UP-TO-DATE
> Task :multiplatform:data:user:impl:compileDebugKotlinAndroid UP-TO-DATE
> Task :multiplatform:data:user:impl:debugAssetsCopyForAGP NO-SOURCE
> Task :multiplatform:screen:foryou:api:compileDebugKotlinAndroid UP-TO-DATE
> Task :multiplatform:di:graph:active:copyDebugComposeResourcesToAndroidAssets UP-TO-DATE
> Task :multiplatform:data:user:impl:compileDebugJavaWithJavac NO-SOURCE
> Task :multiplatform:data:user:impl:generateDebugAssets UP-TO-DATE
> Task :multiplatform:di:graph:active:mergeDebugShaders UP-TO-DATE
> Task :multiplatform:di:graph:active:debugAssetsCopyForAGP NO-SOURCE
> Task :multiplatform:data:user:impl:mergeDebugAssets UP-TO-DATE
> Task :multiplatform:di:graph:active:compileDebugShaders NO-SOURCE
> Task :multiplatform:di:graph:active:generateDebugAssets UP-TO-DATE
> Task :multiplatform:screen:navigate:api:compileDebugKotlinAndroid UP-TO-DATE
> Task :multiplatform:data:user:impl:bundleLibCompileToJarDebug UP-TO-DATE
> Task :multiplatform:screen:explore:impl:compileDebugKotlinAndroid UP-TO-DATE
> Task :multiplatform:di:graph:app:mergeDebugShaders UP-TO-DATE
> Task :multiplatform:screen:foryou:api:compileDebugJavaWithJavac NO-SOURCE
> Task :multiplatform:di:graph:active:mergeDebugAssets UP-TO-DATE
> Task :multiplatform:di:graph:app:copyDebugComposeResourcesToAndroidAssets UP-TO-DATE
> Task :multiplatform:di:graph:app:debugAssetsCopyForAGP NO-SOURCE
> Task :multiplatform:di:graph:app:compileDebugShaders NO-SOURCE
> Task :multiplatform:di:graph:app:generateDebugAssets UP-TO-DATE
> Task :multiplatform:screen:explore:impl:compileDebugJavaWithJavac NO-SOURCE
> Task :multiplatform:screen:foryou:api:bundleLibCompileToJarDebug UP-TO-DATE
> Task :multiplatform:screen:navigate:api:compileDebugJavaWithJavac NO-SOURCE
> Task :multiplatform:screen:foryou:impl:kspDebugKotlinAndroid SKIPPED
> Task :multiplatform:di:graph:inactive:debugAssetsCopyForAGP NO-SOURCE
> Task :multiplatform:feat:filters:impl:compileDebugKotlinAndroid UP-TO-DATE
> Task :multiplatform:di:graph:app:mergeDebugAssets UP-TO-DATE
> Task :multiplatform:screen:explore:impl:bundleLibCompileToJarDebug UP-TO-DATE
> Task :multiplatform:di:graph:inactive:mergeDebugShaders UP-TO-DATE
> Task :multiplatform:screen:navigate:api:bundleLibCompileToJarDebug UP-TO-DATE
> Task :multiplatform:di:graph:loggedin:debugAssetsCopyForAGP NO-SOURCE
> Task :multiplatform:di:graph:inactive:copyDebugComposeResourcesToAndroidAssets UP-TO-DATE
> Task :multiplatform:di:graph:inactive:compileDebugShaders NO-SOURCE
> Task :multiplatform:screen:welcome:impl:compileDebugKotlinAndroid UP-TO-DATE
> Task :multiplatform:feat:filters:impl:compileDebugJavaWithJavac NO-SOURCE
> Task :multiplatform:screen:navigate:impl:kspDebugKotlinAndroid SKIPPED
> Task :multiplatform:screen:profile:impl:compileDebugKotlinAndroid UP-TO-DATE
> Task :multiplatform:di:graph:loggedin:mergeDebugShaders UP-TO-DATE
> Task :multiplatform:screen:welcome:impl:compileDebugJavaWithJavac NO-SOURCE
> Task :multiplatform:di:graph:loggedin:copyDebugComposeResourcesToAndroidAssets UP-TO-DATE
> Task :multiplatform:di:graph:inactive:generateDebugAssets UP-TO-DATE
> Task :multiplatform:di:graph:loggedin:compileDebugShaders NO-SOURCE
> Task :multiplatform:screen:activity:api:compileDebugKotlinAndroid UP-TO-DATE
> Task :multiplatform:di:graph:loggedin:generateDebugAssets UP-TO-DATE
> Task :multiplatform:screen:profile:impl:compileDebugJavaWithJavac NO-SOURCE
> Task :multiplatform:screen:saved:api:compileDebugKotlinAndroid UP-TO-DATE
> Task :multiplatform:di:graph:loggedout:debugAssetsCopyForAGP NO-SOURCE
> Task :multiplatform:screen:activity:api:compileDebugJavaWithJavac NO-SOURCE
> Task :multiplatform:screen:welcome:impl:bundleLibCompileToJarDebug UP-TO-DATE
> Task :multiplatform:di:graph:loggedin:mergeDebugAssets UP-TO-DATE
> Task :multiplatform:di:graph:loggedout:mergeDebugShaders UP-TO-DATE
> Task :multiplatform:di:graph:loggedout:copyDebugComposeResourcesToAndroidAssets UP-TO-DATE
> Task :multiplatform:screen:traildetail:api:compileDebugKotlinAndroid UP-TO-DATE
> Task :multiplatform:screen:saved:api:compileDebugJavaWithJavac NO-SOURCE
> Task :multiplatform:screen:home:impl:compileDebugKotlinAndroid UP-TO-DATE
> Task :multiplatform:screen:collection:api:compileDebugKotlinAndroid UP-TO-DATE
> Task :multiplatform:feat:filters:impl:bundleLibCompileToJarDebug UP-TO-DATE
> Task :multiplatform:di:graph:inactive:mergeDebugAssets UP-TO-DATE
> Task :multiplatform:app:scaffold:impl:compileDebugKotlinAndroid UP-TO-DATE
> Task :multiplatform:feat:filters:api:mergeDebugShaders UP-TO-DATE
> Task :multiplatform:di:graph:loggedout:kspDebugKotlinAndroid SKIPPED
> Task :multiplatform:screen:profile:impl:bundleLibCompileToJarDebug UP-TO-DATE
> Task :multiplatform:screen:activity:api:bundleLibCompileToJarDebug UP-TO-DATE
> Task :multiplatform:screen:saved:api:bundleLibCompileToJarDebug UP-TO-DATE
> Task :multiplatform:screen:traildetail:api:compileDebugJavaWithJavac NO-SOURCE
> Task :multiplatform:feat:filters:api:copyDebugComposeResourcesToAndroidAssets UP-TO-DATE
> Task :multiplatform:feat:filters:api:compileDebugShaders NO-SOURCE
> Task :multiplatform:di:graph:loggedout:compileDebugShaders NO-SOURCE
> Task :multiplatform:feat:filters:api:generateDebugAssets UP-TO-DATE
> Task :multiplatform:feat:filters:api:debugAssetsCopyForAGP NO-SOURCE
> Task :multiplatform:screen:activity:impl:kspDebugKotlinAndroid SKIPPED
> Task :multiplatform:di:graph:loggedout:generateDebugAssets UP-TO-DATE
> Task :multiplatform:feat:filters:impl:debugAssetsCopyForAGP NO-SOURCE
> Task :multiplatform:feat:filters:impl:copyDebugComposeResourcesToAndroidAssets UP-TO-DATE
> Task :multiplatform:screen:saved:impl:kspDebugKotlinAndroid SKIPPED
> Task :multiplatform:screen:home:impl:compileDebugJavaWithJavac NO-SOURCE
> Task :multiplatform:feat:savetrail:api:mergeDebugShaders UP-TO-DATE
> Task :multiplatform:feat:savetrail:api:copyDebugComposeResourcesToAndroidAssets UP-TO-DATE
> Task :multiplatform:feat:savetrail:api:compileDebugShaders NO-SOURCE
> Task :multiplatform:feat:savetrail:api:generateDebugAssets UP-TO-DATE
> Task :multiplatform:di:graph:loggedout:mergeDebugAssets UP-TO-DATE
> Task :multiplatform:screen:traildetail:api:bundleLibCompileToJarDebug UP-TO-DATE
> Task :multiplatform:app:scaffold:impl:compileDebugJavaWithJavac NO-SOURCE
> Task :multiplatform:screen:home:impl:bundleLibCompileToJarDebug UP-TO-DATE
> Task :multiplatform:feat:savetrail:api:debugAssetsCopyForAGP NO-SOURCE
> Task :multiplatform:screen:collection:api:compileDebugJavaWithJavac NO-SOURCE
> Task :multiplatform:feat:filters:impl:mergeDebugShaders UP-TO-DATE
> Task :multiplatform:screen:traildetail:impl:kspDebugKotlinAndroid SKIPPED
> Task :multiplatform:feat:filters:api:mergeDebugAssets UP-TO-DATE
> Task :multiplatform:app:scaffold:impl:bundleLibCompileToJarDebug UP-TO-DATE
> Task :multiplatform:feat:savetrail:impl:mergeDebugShaders UP-TO-DATE
> Task :multiplatform:screen:activity:api:mergeDebugShaders UP-TO-DATE
> Task :multiplatform:feat:savetrail:impl:copyDebugComposeResourcesToAndroidAssets UP-TO-DATE
> Task :multiplatform:screen:activity:api:copyDebugComposeResourcesToAndroidAssets UP-TO-DATE
> Task :multiplatform:screen:activity:api:compileDebugShaders NO-SOURCE
> Task :multiplatform:feat:savetrail:api:mergeDebugAssets UP-TO-DATE
> Task :multiplatform:feat:filters:impl:compileDebugShaders NO-SOURCE
> Task :multiplatform:screen:collection:api:bundleLibCompileToJarDebug UP-TO-DATE
> Task :multiplatform:screen:activity:impl:mergeDebugShaders UP-TO-DATE
> Task :multiplatform:feat:filters:impl:generateDebugAssets UP-TO-DATE
> Task :multiplatform:screen:activity:impl:debugAssetsCopyForAGP NO-SOURCE
> Task :multiplatform:screen:collection:api:mergeDebugShaders UP-TO-DATE
> Task :multiplatform:feat:savetrail:impl:compileDebugShaders NO-SOURCE
> Task :multiplatform:screen:activity:api:debugAssetsCopyForAGP NO-SOURCE
> Task :multiplatform:feat:savetrail:impl:generateDebugAssets UP-TO-DATE
> Task :multiplatform:screen:collection:impl:kspDebugKotlinAndroid SKIPPED
> Task :multiplatform:feat:savetrail:impl:debugAssetsCopyForAGP NO-SOURCE
> Task :multiplatform:screen:activity:impl:copyDebugComposeResourcesToAndroidAssets UP-TO-DATE
> Task :multiplatform:screen:activity:api:generateDebugAssets UP-TO-DATE
> Task :multiplatform:screen:collection:api:copyDebugComposeResourcesToAndroidAssets UP-TO-DATE
> Task :multiplatform:screen:activity:impl:compileDebugShaders NO-SOURCE
> Task :multiplatform:screen:activity:impl:generateDebugAssets UP-TO-DATE
> Task :multiplatform:screen:collection:api:debugAssetsCopyForAGP NO-SOURCE
> Task :multiplatform:feat:filters:impl:mergeDebugAssets UP-TO-DATE
> Task :multiplatform:screen:collection:impl:debugAssetsCopyForAGP NO-SOURCE
> Task :multiplatform:screen:collection:impl:copyDebugComposeResourcesToAndroidAssets UP-TO-DATE
> Task :multiplatform:screen:collection:api:compileDebugShaders NO-SOURCE
> Task :multiplatform:screen:explore:api:copyDebugComposeResourcesToAndroidAssets UP-TO-DATE
> Task :multiplatform:screen:collection:impl:mergeDebugShaders UP-TO-DATE
> Task :multiplatform:screen:explore:api:mergeDebugShaders UP-TO-DATE
> Task :multiplatform:feat:savetrail:impl:mergeDebugAssets UP-TO-DATE
> Task :multiplatform:screen:explore:impl:copyDebugComposeResourcesToAndroidAssets UP-TO-DATE
> Task :multiplatform:screen:explore:impl:mergeDebugShaders UP-TO-DATE
> Task :multiplatform:screen:explore:impl:compileDebugShaders NO-SOURCE
> Task :multiplatform:screen:activity:api:mergeDebugAssets UP-TO-DATE
> Task :multiplatform:screen:explore:impl:generateDebugAssets UP-TO-DATE
> Task :multiplatform:screen:explore:impl:debugAssetsCopyForAGP NO-SOURCE
> Task :multiplatform:screen:activity:impl:mergeDebugAssets UP-TO-DATE
> Task :multiplatform:screen:collection:impl:compileDebugShaders NO-SOURCE
> Task :multiplatform:screen:collection:impl:generateDebugAssets UP-TO-DATE
> Task :multiplatform:screen:explore:impl:mergeDebugAssets UP-TO-DATE
> Task :multiplatform:screen:explore:api:compileDebugShaders NO-SOURCE
> Task :multiplatform:screen:foryou:api:mergeDebugShaders UP-TO-DATE
> Task :multiplatform:screen:collection:api:generateDebugAssets UP-TO-DATE
> Task :multiplatform:screen:foryou:api:debugAssetsCopyForAGP NO-SOURCE
> Task :multiplatform:screen:foryou:api:compileDebugShaders NO-SOURCE
> Task :multiplatform:screen:foryou:impl:copyDebugComposeResourcesToAndroidAssets UP-TO-DATE
> Task :multiplatform:screen:explore:api:debugAssetsCopyForAGP NO-SOURCE
> Task :multiplatform:screen:foryou:impl:debugAssetsCopyForAGP NO-SOURCE
> Task :multiplatform:screen:explore:api:generateDebugAssets UP-TO-DATE
> Task :multiplatform:screen:foryou:api:generateDebugAssets UP-TO-DATE
> Task :multiplatform:screen:foryou:impl:mergeDebugShaders UP-TO-DATE
> Task :multiplatform:screen:foryou:api:copyDebugComposeResourcesToAndroidAssets UP-TO-DATE
> Task :multiplatform:screen:collection:impl:mergeDebugAssets UP-TO-DATE
> Task :multiplatform:screen:collection:api:mergeDebugAssets UP-TO-DATE
> Task :multiplatform:screen:foryou:impl:compileDebugShaders NO-SOURCE
> Task :multiplatform:screen:explore:api:mergeDebugAssets UP-TO-DATE
> Task :multiplatform:screen:foryou:impl:generateDebugAssets UP-TO-DATE
> Task :multiplatform:screen:home:api:debugAssetsCopyForAGP NO-SOURCE
> Task :multiplatform:screen:home:api:mergeDebugShaders UP-TO-DATE
> Task :multiplatform:screen:foryou:impl:mergeDebugAssets UP-TO-DATE
> Task :multiplatform:screen:navigate:api:mergeDebugShaders UP-TO-DATE
> Task :multiplatform:screen:navigate:api:copyDebugComposeResourcesToAndroidAssets UP-TO-DATE
> Task :multiplatform:screen:home:impl:mergeDebugShaders UP-TO-DATE
> Task :multiplatform:screen:home:api:copyDebugComposeResourcesToAndroidAssets UP-TO-DATE
> Task :multiplatform:screen:navigate:api:compileDebugShaders NO-SOURCE
> Task :multiplatform:screen:navigate:api:generateDebugAssets UP-TO-DATE
> Task :multiplatform:screen:foryou:api:mergeDebugAssets UP-TO-DATE
> Task :multiplatform:screen:home:impl:debugAssetsCopyForAGP NO-SOURCE
> Task :multiplatform:screen:navigate:impl:debugAssetsCopyForAGP NO-SOURCE
> Task :multiplatform:screen:navigate:impl:copyDebugComposeResourcesToAndroidAssets UP-TO-DATE
> Task :multiplatform:screen:home:api:compileDebugShaders NO-SOURCE
> Task :multiplatform:screen:prelanding:api:mergeDebugShaders UP-TO-DATE
> Task :multiplatform:screen:home:api:generateDebugAssets UP-TO-DATE
> Task :multiplatform:screen:home:impl:compileDebugShaders NO-SOURCE
> Task :multiplatform:screen:home:impl:copyDebugComposeResourcesToAndroidAssets UP-TO-DATE
> Task :multiplatform:screen:navigate:impl:mergeDebugShaders UP-TO-DATE
> Task :multiplatform:screen:home:impl:generateDebugAssets UP-TO-DATE
> Task :multiplatform:screen:prelanding:api:compileDebugShaders NO-SOURCE
> Task :multiplatform:screen:navigate:api:debugAssetsCopyForAGP NO-SOURCE
> Task :multiplatform:screen:home:api:mergeDebugAssets UP-TO-DATE
> Task :multiplatform:screen:prelanding:api:generateDebugAssets UP-TO-DATE
> Task :multiplatform:screen:navigate:impl:compileDebugShaders NO-SOURCE
> Task :multiplatform:screen:profile:api:mergeDebugShaders UP-TO-DATE
> Task :multiplatform:screen:navigate:impl:generateDebugAssets UP-TO-DATE
> Task :multiplatform:screen:navigate:api:mergeDebugAssets UP-TO-DATE
> Task :multiplatform:screen:prelanding:api:debugAssetsCopyForAGP NO-SOURCE
> Task :multiplatform:screen:profile:api:debugAssetsCopyForAGP NO-SOURCE
> Task :multiplatform:screen:home:impl:mergeDebugAssets UP-TO-DATE
> Task :multiplatform:screen:profile:api:compileDebugShaders NO-SOURCE
> Task :multiplatform:screen:profile:api:generateDebugAssets UP-TO-DATE
> Task :multiplatform:screen:profile:api:copyDebugComposeResourcesToAndroidAssets UP-TO-DATE
> Task :multiplatform:screen:profile:impl:mergeDebugShaders UP-TO-DATE
> Task :multiplatform:screen:saved:api:copyDebugComposeResourcesToAndroidAssets UP-TO-DATE
> Task :multiplatform:screen:saved:api:debugAssetsCopyForAGP NO-SOURCE
> Task :multiplatform:screen:prelanding:api:copyDebugComposeResourcesToAndroidAssets UP-TO-DATE
> Task :multiplatform:screen:navigate:impl:mergeDebugAssets UP-TO-DATE
> Task :multiplatform:screen:profile:impl:debugAssetsCopyForAGP NO-SOURCE
> Task :multiplatform:screen:saved:api:mergeDebugShaders UP-TO-DATE
> Task :multiplatform:screen:saved:impl:debugAssetsCopyForAGP NO-SOURCE
> Task :multiplatform:screen:saved:impl:copyDebugComposeResourcesToAndroidAssets UP-TO-DATE
> Task :multiplatform:screen:prelanding:api:mergeDebugAssets UP-TO-DATE
> Task :multiplatform:screen:profile:impl:compileDebugShaders NO-SOURCE
> Task :multiplatform:screen:profile:impl:copyDebugComposeResourcesToAndroidAssets UP-TO-DATE
> Task :multiplatform:screen:saved:impl:mergeDebugShaders UP-TO-DATE
> Task :multiplatform:screen:profile:impl:generateDebugAssets UP-TO-DATE
> Task :multiplatform:screen:saved:api:compileDebugShaders NO-SOURCE
> Task :multiplatform:screen:traildetail:api:debugAssetsCopyForAGP NO-SOURCE
> Task :multiplatform:screen:traildetail:impl:debugAssetsCopyForAGP NO-SOURCE
> Task :multiplatform:screen:profile:api:mergeDebugAssets UP-TO-DATE
> Task :multiplatform:screen:saved:impl:compileDebugShaders NO-SOURCE
> Task :multiplatform:screen:traildetail:api:copyDebugComposeResourcesToAndroidAssets UP-TO-DATE
> Task :multiplatform:screen:traildetail:api:mergeDebugShaders UP-TO-DATE
> Task :multiplatform:screen:welcome:api:mergeDebugShaders UP-TO-DATE
> Task :multiplatform:screen:saved:impl:generateDebugAssets UP-TO-DATE
> Task :multiplatform:screen:traildetail:impl:mergeDebugShaders UP-TO-DATE
> Task :multiplatform:screen:traildetail:impl:compileDebugShaders NO-SOURCE
> Task :multiplatform:screen:profile:impl:mergeDebugAssets UP-TO-DATE
> Task :multiplatform:screen:traildetail:impl:generateDebugAssets UP-TO-DATE
> Task :multiplatform:screen:welcome:api:compileDebugShaders NO-SOURCE
> Task :multiplatform:screen:welcome:impl:mergeDebugShaders UP-TO-DATE
> Task :multiplatform:screen:welcome:api:debugAssetsCopyForAGP NO-SOURCE
> Task :multiplatform:screen:saved:impl:mergeDebugAssets UP-TO-DATE
> Task :multiplatform:screen:welcome:api:generateDebugAssets UP-TO-DATE
> Task :multiplatform:screen:welcome:api:copyDebugComposeResourcesToAndroidAssets UP-TO-DATE
> Task :multiplatform:screen:traildetail:api:compileDebugShaders NO-SOURCE
> Task :multiplatform:screen:traildetail:api:generateDebugAssets UP-TO-DATE
> Task :multiplatform:screen:welcome:impl:debugAssetsCopyForAGP NO-SOURCE
> Task :multiplatform:screen:welcome:impl:compileDebugShaders NO-SOURCE
> Task :multiplatform:screen:saved:api:generateDebugAssets UP-TO-DATE
> Task :multiplatform:screen:welcome:impl:copyDebugComposeResourcesToAndroidAssets UP-TO-DATE
> Task :multiplatform:screen:navigate:impl:compileDebugKotlinAndroid UP-TO-DATE
> Task :multiplatform:screen:traildetail:impl:copyDebugComposeResourcesToAndroidAssets UP-TO-DATE
> Task :multiplatform:screen:welcome:impl:generateDebugAssets UP-TO-DATE
> Task :multiplatform:screen:welcome:impl:bundleLibRuntimeToJarDebug UP-TO-DATE
> Task :multiplatform:screen:navigate:impl:compileDebugJavaWithJavac NO-SOURCE
> Task :multiplatform:screen:welcome:api:bundleLibRuntimeToJarDebug UP-TO-DATE
> Task :multiplatform:screen:welcome:api:mergeDebugAssets UP-TO-DATE
> Task :multiplatform:screen:foryou:impl:compileDebugKotlinAndroid UP-TO-DATE
> Task :multiplatform:screen:welcome:impl:mergeDebugAssets UP-TO-DATE
> Task :multiplatform:screen:traildetail:api:mergeDebugAssets UP-TO-DATE
> Task :multiplatform:screen:traildetail:impl:mergeDebugAssets UP-TO-DATE
> Task :multiplatform:screen:navigate:impl:bundleLibCompileToJarDebug UP-TO-DATE
> Task :multiplatform:screen:saved:api:mergeDebugAssets UP-TO-DATE
> Task :multiplatform:screen:navigate:impl:bundleLibRuntimeToJarDebug UP-TO-DATE
> Task :multiplatform:screen:prelanding:api:bundleLibRuntimeToJarDebug UP-TO-DATE
> Task :multiplatform:screen:explore:impl:bundleLibRuntimeToJarDebug UP-TO-DATE
> Task :multiplatform:app:scaffold:impl:bundleLibRuntimeToJarDebug UP-TO-DATE
> Task :multiplatform:screen:foryou:impl:compileDebugJavaWithJavac NO-SOURCE
> Task :multiplatform:feat:filters:impl:bundleLibRuntimeToJarDebug UP-TO-DATE
> Task :multiplatform:feat:savetrail:impl:bundleLibRuntimeToJarDebug UP-TO-DATE
> Task :multiplatform:screen:foryou:impl:bundleLibCompileToJarDebug UP-TO-DATE
> Task :multiplatform:di:graph:loggedout:compileDebugKotlinAndroid UP-TO-DATE
> Task :multiplatform:screen:foryou:impl:bundleLibRuntimeToJarDebug UP-TO-DATE
> Task :multiplatform:screen:saved:impl:compileDebugKotlinAndroid UP-TO-DATE
> Task :multiplatform:di:graph:loggedout:compileDebugJavaWithJavac NO-SOURCE
> Task :multiplatform:screen:home:impl:bundleLibRuntimeToJarDebug UP-TO-DATE
> Task :multiplatform:screen:activity:impl:compileDebugKotlinAndroid UP-TO-DATE
> Task :multiplatform:di:graph:loggedout:bundleLibCompileToJarDebug UP-TO-DATE
> Task :multiplatform:di:graph:loggedout:bundleLibRuntimeToJarDebug UP-TO-DATE
> Task :multiplatform:screen:collection:impl:compileDebugKotlinAndroid UP-TO-DATE
> Task :multiplatform:screen:saved:impl:compileDebugJavaWithJavac NO-SOURCE
> Task :multiplatform:screen:collection:impl:compileDebugJavaWithJavac NO-SOURCE
> Task :multiplatform:screen:activity:impl:compileDebugJavaWithJavac NO-SOURCE
> Task :multiplatform:screen:traildetail:impl:compileDebugKotlinAndroid UP-TO-DATE
> Task :multiplatform:screen:collection:impl:bundleLibCompileToJarDebug UP-TO-DATE
> Task :multiplatform:screen:activity:impl:bundleLibCompileToJarDebug UP-TO-DATE
> Task :multiplatform:screen:traildetail:impl:compileDebugJavaWithJavac NO-SOURCE
> Task :multiplatform:screen:saved:impl:bundleLibRuntimeToJarDebug UP-TO-DATE
> Task :multiplatform:screen:activity:impl:bundleLibRuntimeToJarDebug UP-TO-DATE
> Task :multiplatform:screen:saved:impl:bundleLibCompileToJarDebug UP-TO-DATE
> Task :multiplatform:screen:collection:impl:bundleLibRuntimeToJarDebug UP-TO-DATE
> Task :multiplatform:screen:traildetail:impl:bundleLibRuntimeToJarDebug UP-TO-DATE
> Task :multiplatform:screen:profile:impl:bundleLibRuntimeToJarDebug UP-TO-DATE
> Task :multiplatform:screen:traildetail:impl:bundleLibCompileToJarDebug UP-TO-DATE
> Task :multiplatform:app:scaffold:api:bundleLibRuntimeToJarDebug UP-TO-DATE
> Task :multiplatform:screen:home:api:bundleLibRuntimeToJarDebug UP-TO-DATE
> Task :multiplatform:di:graph:active:kspDebugKotlinAndroid SKIPPED
> Task :multiplatform:screen:profile:api:bundleLibRuntimeToJarDebug UP-TO-DATE
> Task :multiplatform:data:user:impl:bundleLibRuntimeToJarDebug UP-TO-DATE
> Task :multiplatform:foundation:networking:bundleLibRuntimeToJarDebug UP-TO-DATE
> Task :multiplatform:di:graph:inactive:bundleLibRuntimeToJarDebug UP-TO-DATE
> Task :multiplatform:data:post:impl:bundleLibRuntimeToJarDebug UP-TO-DATE
> Task :multiplatform:app:context:bundleLibRuntimeToJarDebug UP-TO-DATE
> Task :multiplatform:data:user:api:bundleLibRuntimeToJarDebug UP-TO-DATE
> Task :multiplatform:data:post:api:bundleLibRuntimeToJarDebug UP-TO-DATE
> Task :multiplatform:model:network:bundleLibRuntimeToJarDebug UP-TO-DATE
> Task :multiplatform:model:domain:bundleLibRuntimeToJarDebug UP-TO-DATE
> Task :multiplatform:model:db:bundleLibRuntimeToJarDebug UP-TO-DATE
> Task :multiplatform:data:devsettings:impl:bundleLibRuntimeToJarDebug UP-TO-DATE
> Task :multiplatform:data:trail:impl:bundleLibRuntimeToJarDebug UP-TO-DATE
> Task :multiplatform:data:auth:impl:bundleLibRuntimeToJarDebug UP-TO-DATE
> Task :multiplatform:screen:traildetail:api:bundleLibRuntimeToJarDebug UP-TO-DATE
> Task :multiplatform:screen:collection:api:bundleLibRuntimeToJarDebug UP-TO-DATE
> Task :multiplatform:screen:saved:api:bundleLibRuntimeToJarDebug UP-TO-DATE
> Task :multiplatform:screen:navigate:api:bundleLibRuntimeToJarDebug UP-TO-DATE
> Task :multiplatform:screen:activity:api:bundleLibRuntimeToJarDebug UP-TO-DATE
> Task :multiplatform:screen:foryou:api:bundleLibRuntimeToJarDebug UP-TO-DATE
> Task :multiplatform:screen:explore:api:bundleLibRuntimeToJarDebug UP-TO-DATE
> Task :multiplatform:di:graph:active:compileDebugKotlinAndroid UP-TO-DATE
> Task :multiplatform:di:graph:active:compileDebugJavaWithJavac NO-SOURCE
> Task :multiplatform:feat:savetrail:api:bundleLibRuntimeToJarDebug UP-TO-DATE
> Task :multiplatform:di:graph:active:bundleLibCompileToJarDebug UP-TO-DATE
> Task :multiplatform:di:graph:active:bundleLibRuntimeToJarDebug UP-TO-DATE
> Task :multiplatform:di:graph:loggedin:kspDebugKotlinAndroid SKIPPED
> Task :multiplatform:data:auth:api:bundleLibRuntimeToJarDebug UP-TO-DATE
> Task :multiplatform:feat:filters:api:bundleLibRuntimeToJarDebug UP-TO-DATE
> Task :multiplatform:data:trail:api:bundleLibRuntimeToJarDebug UP-TO-DATE
> Task :multiplatform:data:devsettings:api:bundleLibRuntimeToJarDebug UP-TO-DATE
> Task :multiplatform:foundation:parcel:bundleLibRuntimeToJarDebug UP-TO-DATE
> Task :server:fake:bundleLibRuntimeToJarDebug UP-TO-DATE
> Task :multiplatform:di:scope:bundleLibRuntimeToJarDebug UP-TO-DATE
> Task :apps:android:desugarDebugFileDependencies UP-TO-DATE
> Task :multiplatform:foundation:logging:bundleLibRuntimeToJarDebug UP-TO-DATE
> Task :multiplatform:foundation:coroutines:bundleLibRuntimeToJarDebug UP-TO-DATE
> Task :server:api:bundleLibRuntimeToJarDebug UP-TO-DATE
> Task :server:api:processDebugJavaRes UP-TO-DATE
> Task :server:fake:processDebugJavaRes UP-TO-DATE
> Task :multiplatform:app:context:processDebugJavaRes UP-TO-DATE
> Task :multiplatform:foundation:coroutines:processDebugJavaRes UP-TO-DATE
> Task :multiplatform:di:scope:processDebugJavaRes UP-TO-DATE
> Task :multiplatform:foundation:logging:processDebugJavaRes UP-TO-DATE
> Task :multiplatform:foundation:networking:processDebugJavaRes UP-TO-DATE
> Task :multiplatform:foundation:parcel:processDebugJavaRes UP-TO-DATE
> Task :multiplatform:foundation:designsystem:processDebugJavaRes UP-TO-DATE
> Task :multiplatform:model:db:processDebugJavaRes UP-TO-DATE
> Task :multiplatform:di:graph:loggedin:compileDebugKotlinAndroid UP-TO-DATE
> Task :multiplatform:data:auth:api:processDebugJavaRes UP-TO-DATE
> Task :multiplatform:app:scaffold:api:processDebugJavaRes UP-TO-DATE
> Task :multiplatform:model:domain:processDebugJavaRes UP-TO-DATE
> Task :multiplatform:model:network:processDebugJavaRes UP-TO-DATE
> Task :multiplatform:app:scaffold:impl:processDebugJavaRes UP-TO-DATE
> Task :multiplatform:data:trail:api:processDebugJavaRes UP-TO-DATE
> Task :multiplatform:di:graph:loggedin:compileDebugJavaWithJavac NO-SOURCE
> Task :multiplatform:data:post:api:processDebugJavaRes UP-TO-DATE
> Task :multiplatform:di:graph:loggedin:bundleLibCompileToJarDebug UP-TO-DATE
> Task :multiplatform:di:graph:loggedin:bundleLibRuntimeToJarDebug UP-TO-DATE
> Task :multiplatform:data:devsettings:impl:processDebugJavaRes UP-TO-DATE
> Task :multiplatform:data:user:impl:processDebugJavaRes UP-TO-DATE
> Task :multiplatform:data:post:impl:processDebugJavaRes UP-TO-DATE
> Task :multiplatform:data:trail:impl:processDebugJavaRes UP-TO-DATE
> Task :multiplatform:data:user:api:processDebugJavaRes UP-TO-DATE
> Task :multiplatform:di:graph:active:processDebugJavaRes UP-TO-DATE
> Task :multiplatform:di:graph:inactive:processDebugJavaRes UP-TO-DATE
> Task :multiplatform:di:graph:loggedout:processDebugJavaRes UP-TO-DATE
> Task :multiplatform:data:auth:impl:processDebugJavaRes UP-TO-DATE
> Task :multiplatform:feat:filters:api:processDebugJavaRes UP-TO-DATE
> Task :multiplatform:di:graph:loggedin:processDebugJavaRes UP-TO-DATE
> Task :multiplatform:screen:activity:impl:processDebugJavaRes UP-TO-DATE
> Task :multiplatform:data:devsettings:api:processDebugJavaRes UP-TO-DATE
> Task :multiplatform:feat:savetrail:api:processDebugJavaRes UP-TO-DATE
> Task :multiplatform:screen:foryou:api:processDebugJavaRes UP-TO-DATE
> Task :multiplatform:screen:explore:impl:processDebugJavaRes UP-TO-DATE
> Task :multiplatform:screen:activity:api:processDebugJavaRes UP-TO-DATE
> Task :multiplatform:screen:collection:api:processDebugJavaRes UP-TO-DATE
> Task :multiplatform:feat:savetrail:impl:processDebugJavaRes UP-TO-DATE
> Task :multiplatform:feat:filters:impl:processDebugJavaRes UP-TO-DATE
> Task :multiplatform:screen:foryou:impl:processDebugJavaRes UP-TO-DATE
> Task :multiplatform:screen:home:api:processDebugJavaRes UP-TO-DATE
> Task :multiplatform:screen:explore:api:processDebugJavaRes UP-TO-DATE
> Task :multiplatform:screen:collection:impl:processDebugJavaRes UP-TO-DATE
> Task :multiplatform:screen:navigate:api:processDebugJavaRes UP-TO-DATE
> Task :multiplatform:screen:profile:api:processDebugJavaRes UP-TO-DATE
> Task :multiplatform:screen:saved:impl:processDebugJavaRes UP-TO-DATE
> Task :multiplatform:screen:welcome:api:processDebugJavaRes UP-TO-DATE
> Task :multiplatform:di:graph:loggedout:bundleLibRuntimeToDirDebug UP-TO-DATE
> Task :multiplatform:screen:welcome:impl:bundleLibRuntimeToDirDebug UP-TO-DATE
> Task :multiplatform:screen:home:impl:processDebugJavaRes UP-TO-DATE
> Task :multiplatform:screen:prelanding:api:bundleLibRuntimeToDirDebug UP-TO-DATE
> Task :multiplatform:screen:welcome:impl:processDebugJavaRes UP-TO-DATE
> Task :multiplatform:app:bootstrap:api:compileDebugKotlinAndroid UP-TO-DATE
> Task :multiplatform:screen:prelanding:api:processDebugJavaRes UP-TO-DATE
> Task :multiplatform:screen:navigate:impl:processDebugJavaRes UP-TO-DATE
> Task :multiplatform:screen:saved:api:processDebugJavaRes UP-TO-DATE
> Task :multiplatform:screen:profile:impl:processDebugJavaRes UP-TO-DATE
> Task :multiplatform:screen:traildetail:api:processDebugJavaRes UP-TO-DATE
> Task :multiplatform:screen:traildetail:impl:processDebugJavaRes UP-TO-DATE
> Task :multiplatform:app:bootstrap:api:compileDebugJavaWithJavac NO-SOURCE
> Task :multiplatform:screen:welcome:api:bundleLibRuntimeToDirDebug UP-TO-DATE
> Task :multiplatform:di:graph:loggedin:bundleLibRuntimeToDirDebug UP-TO-DATE
> Task :multiplatform:screen:explore:impl:bundleLibRuntimeToDirDebug UP-TO-DATE
> Task :multiplatform:screen:traildetail:impl:bundleLibRuntimeToDirDebug UP-TO-DATE
> Task :multiplatform:screen:saved:impl:bundleLibRuntimeToDirDebug UP-TO-DATE
> Task :multiplatform:app:bootstrap:api:processDebugJavaRes UP-TO-DATE
> Task :multiplatform:app:bootstrap:api:bundleLibRuntimeToDirDebug UP-TO-DATE
> Task :multiplatform:app:bootstrap:api:bundleLibRuntimeToJarDebug UP-TO-DATE
> Task :multiplatform:screen:collection:impl:bundleLibRuntimeToDirDebug UP-TO-DATE
> Task :multiplatform:app:bootstrap:api:bundleLibCompileToJarDebug UP-TO-DATE
> Task :multiplatform:di:graph:active:bundleLibRuntimeToDirDebug UP-TO-DATE
> Task :multiplatform:app:bootstrap:impl:kspDebugKotlinAndroid SKIPPED
> Task :multiplatform:screen:navigate:impl:bundleLibRuntimeToDirDebug UP-TO-DATE
> Task :multiplatform:screen:activity:impl:bundleLibRuntimeToDirDebug UP-TO-DATE
> Task :multiplatform:screen:foryou:impl:bundleLibRuntimeToDirDebug UP-TO-DATE
> Task :multiplatform:feat:filters:impl:bundleLibRuntimeToDirDebug UP-TO-DATE
> Task :multiplatform:screen:home:impl:bundleLibRuntimeToDirDebug UP-TO-DATE
> Task :multiplatform:screen:profile:impl:bundleLibRuntimeToDirDebug UP-TO-DATE
> Task :multiplatform:feat:savetrail:impl:bundleLibRuntimeToDirDebug UP-TO-DATE
> Task :multiplatform:app:scaffold:impl:bundleLibRuntimeToDirDebug UP-TO-DATE
> Task :multiplatform:app:scaffold:api:bundleLibRuntimeToDirDebug UP-TO-DATE
> Task :multiplatform:screen:home:api:bundleLibRuntimeToDirDebug UP-TO-DATE
> Task :multiplatform:screen:profile:api:bundleLibRuntimeToDirDebug UP-TO-DATE
> Task :multiplatform:data:user:impl:bundleLibRuntimeToDirDebug UP-TO-DATE
> Task :multiplatform:foundation:networking:bundleLibRuntimeToDirDebug UP-TO-DATE
> Task :multiplatform:app:context:bundleLibRuntimeToDirDebug UP-TO-DATE
> Task :multiplatform:di:graph:inactive:bundleLibRuntimeToDirDebug UP-TO-DATE
> Task :multiplatform:data:user:api:bundleLibRuntimeToDirDebug UP-TO-DATE
> Task :multiplatform:data:post:impl:bundleLibRuntimeToDirDebug UP-TO-DATE
> Task :multiplatform:data:post:api:bundleLibRuntimeToDirDebug UP-TO-DATE
> Task :multiplatform:model:network:bundleLibRuntimeToDirDebug UP-TO-DATE
> Task :multiplatform:model:domain:bundleLibRuntimeToDirDebug UP-TO-DATE
> Task :multiplatform:data:devsettings:impl:bundleLibRuntimeToDirDebug UP-TO-DATE
> Task :multiplatform:model:db:bundleLibRuntimeToDirDebug UP-TO-DATE
> Task :multiplatform:app:bootstrap:impl:compileDebugKotlinAndroid UP-TO-DATE
> Task :multiplatform:data:trail:impl:bundleLibRuntimeToDirDebug UP-TO-DATE
> Task :multiplatform:data:auth:impl:bundleLibRuntimeToDirDebug UP-TO-DATE
> Task :multiplatform:app:bootstrap:impl:compileDebugJavaWithJavac NO-SOURCE
> Task :multiplatform:screen:traildetail:api:bundleLibRuntimeToDirDebug UP-TO-DATE
> Task :multiplatform:app:bootstrap:impl:bundleLibCompileToJarDebug UP-TO-DATE
> Task :multiplatform:app:bootstrap:impl:processDebugJavaRes UP-TO-DATE
> Task :multiplatform:di:graph:app:kspDebugKotlinAndroid SKIPPED
> Task :multiplatform:app:bootstrap:impl:bundleLibRuntimeToDirDebug UP-TO-DATE
> Task :multiplatform:screen:saved:api:bundleLibRuntimeToDirDebug UP-TO-DATE
> Task :multiplatform:app:bootstrap:impl:bundleLibRuntimeToJarDebug UP-TO-DATE
> Task :multiplatform:screen:collection:api:bundleLibRuntimeToDirDebug UP-TO-DATE
> Task :multiplatform:screen:navigate:api:bundleLibRuntimeToDirDebug UP-TO-DATE
> Task :multiplatform:screen:activity:api:bundleLibRuntimeToDirDebug UP-TO-DATE
> Task :multiplatform:screen:foryou:api:bundleLibRuntimeToDirDebug UP-TO-DATE
> Task :multiplatform:screen:explore:api:bundleLibRuntimeToDirDebug UP-TO-DATE
> Task :multiplatform:feat:savetrail:api:bundleLibRuntimeToDirDebug UP-TO-DATE
> Task :multiplatform:feat:filters:api:bundleLibRuntimeToDirDebug UP-TO-DATE
> Task :multiplatform:data:auth:api:bundleLibRuntimeToDirDebug UP-TO-DATE
> Task :multiplatform:data:devsettings:api:bundleLibRuntimeToDirDebug UP-TO-DATE
> Task :multiplatform:data:trail:api:bundleLibRuntimeToDirDebug UP-TO-DATE
> Task :multiplatform:foundation:parcel:bundleLibRuntimeToDirDebug UP-TO-DATE
> Task :multiplatform:di:scope:bundleLibRuntimeToDirDebug UP-TO-DATE
> Task :multiplatform:foundation:logging:bundleLibRuntimeToDirDebug UP-TO-DATE
> Task :server:fake:bundleLibRuntimeToDirDebug UP-TO-DATE
> Task :multiplatform:foundation:coroutines:bundleLibRuntimeToDirDebug UP-TO-DATE
> Task :apps:android:mergeDebugJniLibFolders UP-TO-DATE
> Task :server:api:mergeDebugJniLibFolders UP-TO-DATE
> Task :server:api:bundleLibRuntimeToDirDebug UP-TO-DATE
> Task :multiplatform:app:context:mergeDebugJniLibFolders UP-TO-DATE
> Task :server:fake:mergeDebugJniLibFolders UP-TO-DATE
> Task :server:api:mergeDebugNativeLibs NO-SOURCE
> Task :multiplatform:app:context:mergeDebugNativeLibs NO-SOURCE
> Task :multiplatform:app:core:mergeDebugJniLibFolders UP-TO-DATE
> Task :multiplatform:di:scope:mergeDebugJniLibFolders UP-TO-DATE
> Task :server:fake:mergeDebugNativeLibs NO-SOURCE
> Task :multiplatform:foundation:coroutines:mergeDebugJniLibFolders UP-TO-DATE
> Task :multiplatform:app:core:mergeDebugNativeLibs NO-SOURCE
> Task :server:api:copyDebugJniLibsProjectOnly UP-TO-DATE
> Task :server:fake:copyDebugJniLibsProjectOnly UP-TO-DATE
> Task :multiplatform:foundation:coroutines:mergeDebugNativeLibs NO-SOURCE
> Task :multiplatform:di:scope:mergeDebugNativeLibs NO-SOURCE
> Task :multiplatform:app:context:copyDebugJniLibsProjectOnly UP-TO-DATE
> Task :multiplatform:foundation:networking:mergeDebugJniLibFolders UP-TO-DATE
> Task :multiplatform:foundation:designsystem:mergeDebugJniLibFolders UP-TO-DATE
> Task :multiplatform:foundation:parcel:mergeDebugJniLibFolders UP-TO-DATE
> Task :multiplatform:model:domain:mergeDebugJniLibFolders UP-TO-DATE
> Task :multiplatform:model:db:mergeDebugJniLibFolders UP-TO-DATE
> Task :multiplatform:app:core:copyDebugJniLibsProjectOnly UP-TO-DATE
> Task :multiplatform:foundation:coroutines:copyDebugJniLibsProjectOnly UP-TO-DATE
> Task :multiplatform:foundation:designsystem:mergeDebugNativeLibs NO-SOURCE
> Task :multiplatform:model:domain:mergeDebugNativeLibs NO-SOURCE
> Task :multiplatform:di:scope:copyDebugJniLibsProjectOnly UP-TO-DATE
> Task :multiplatform:foundation:parcel:mergeDebugNativeLibs NO-SOURCE
> Task :multiplatform:foundation:logging:mergeDebugJniLibFolders UP-TO-DATE
> Task :multiplatform:model:db:mergeDebugNativeLibs NO-SOURCE
> Task :multiplatform:di:graph:app:compileDebugKotlinAndroid UP-TO-DATE
> Task :multiplatform:foundation:logging:mergeDebugNativeLibs NO-SOURCE
> Task :multiplatform:model:network:mergeDebugJniLibFolders UP-TO-DATE
> Task :multiplatform:di:graph:app:compileDebugJavaWithJavac NO-SOURCE
> Task :multiplatform:model:domain:copyDebugJniLibsProjectOnly UP-TO-DATE
> Task :multiplatform:foundation:designsystem:copyDebugJniLibsProjectOnly UP-TO-DATE
> Task :multiplatform:model:db:copyDebugJniLibsProjectOnly UP-TO-DATE
> Task :multiplatform:di:graph:app:processDebugJavaRes UP-TO-DATE
> Task :multiplatform:foundation:networking:mergeDebugNativeLibs NO-SOURCE
> Task :multiplatform:di:graph:app:bundleLibRuntimeToDirDebug UP-TO-DATE
> Task :multiplatform:foundation:parcel:copyDebugJniLibsProjectOnly UP-TO-DATE
> Task :multiplatform:di:graph:app:bundleLibCompileToJarDebug UP-TO-DATE
> Task :multiplatform:app:bootstrap:impl:mergeDebugJniLibFolders UP-TO-DATE
> Task :multiplatform:di:graph:app:bundleLibRuntimeToJarDebug UP-TO-DATE
> Task :multiplatform:foundation:designsystem:bundleLibRuntimeToDirDebug
> Task :multiplatform:app:bootstrap:impl:mergeDebugNativeLibs NO-SOURCE
> Task :multiplatform:app:bootstrap:api:mergeDebugJniLibFolders UP-TO-DATE
> Task :multiplatform:model:network:mergeDebugNativeLibs NO-SOURCE
> Task :multiplatform:app:bootstrap:api:mergeDebugNativeLibs NO-SOURCE
> Task :multiplatform:app:scaffold:api:mergeDebugJniLibFolders UP-TO-DATE
> Task :multiplatform:app:scaffold:impl:mergeDebugJniLibFolders UP-TO-DATE
> Task :multiplatform:app:core:kspDebugKotlinAndroid SKIPPED
> Task :multiplatform:foundation:networking:copyDebugJniLibsProjectOnly UP-TO-DATE
> Task :multiplatform:foundation:logging:copyDebugJniLibsProjectOnly UP-TO-DATE
> Task :multiplatform:app:bootstrap:impl:copyDebugJniLibsProjectOnly UP-TO-DATE
> Task :multiplatform:data:auth:api:mergeDebugJniLibFolders UP-TO-DATE
> Task :multiplatform:data:devsettings:impl:mergeDebugJniLibFolders UP-TO-DATE
> Task :multiplatform:data:devsettings:api:mergeDebugJniLibFolders UP-TO-DATE
> Task :multiplatform:data:auth:impl:mergeDebugJniLibFolders UP-TO-DATE
> Task :multiplatform:app:bootstrap:api:copyDebugJniLibsProjectOnly UP-TO-DATE
> Task :multiplatform:data:post:api:mergeDebugJniLibFolders UP-TO-DATE
> Task :multiplatform:model:network:copyDebugJniLibsProjectOnly UP-TO-DATE
> Task :multiplatform:app:scaffold:impl:mergeDebugNativeLibs NO-SOURCE
> Task :multiplatform:data:devsettings:api:mergeDebugNativeLibs NO-SOURCE
> Task :multiplatform:data:post:impl:mergeDebugJniLibFolders UP-TO-DATE
> Task :multiplatform:data:auth:impl:mergeDebugNativeLibs NO-SOURCE
> Task :multiplatform:data:devsettings:impl:mergeDebugNativeLibs NO-SOURCE
> Task :multiplatform:data:auth:api:mergeDebugNativeLibs NO-SOURCE
> Task :multiplatform:app:scaffold:api:mergeDebugNativeLibs NO-SOURCE
> Task :multiplatform:data:post:api:mergeDebugNativeLibs NO-SOURCE
> Task :multiplatform:data:devsettings:impl:copyDebugJniLibsProjectOnly UP-TO-DATE
> Task :multiplatform:data:post:impl:mergeDebugNativeLibs NO-SOURCE
> Task :multiplatform:data:trail:api:mergeDebugJniLibFolders UP-TO-DATE
> Task :multiplatform:data:devsettings:api:copyDebugJniLibsProjectOnly UP-TO-DATE
> Task :multiplatform:data:auth:impl:copyDebugJniLibsProjectOnly UP-TO-DATE
> Task :multiplatform:data:auth:api:copyDebugJniLibsProjectOnly UP-TO-DATE
> Task :multiplatform:data:post:impl:copyDebugJniLibsProjectOnly UP-TO-DATE
> Task :multiplatform:data:user:api:mergeDebugJniLibFolders UP-TO-DATE
> Task :multiplatform:data:post:api:copyDebugJniLibsProjectOnly UP-TO-DATE
> Task :multiplatform:data:trail:impl:mergeDebugJniLibFolders UP-TO-DATE
> Task :multiplatform:di:graph:active:mergeDebugJniLibFolders UP-TO-DATE
> Task :multiplatform:app:scaffold:api:copyDebugJniLibsProjectOnly UP-TO-DATE
> Task :multiplatform:data:trail:impl:mergeDebugNativeLibs NO-SOURCE
> Task :multiplatform:app:scaffold:impl:copyDebugJniLibsProjectOnly UP-TO-DATE
> Task :multiplatform:di:graph:app:mergeDebugJniLibFolders UP-TO-DATE
> Task :multiplatform:di:graph:inactive:mergeDebugJniLibFolders UP-TO-DATE
> Task :multiplatform:di:graph:active:mergeDebugNativeLibs NO-SOURCE
> Task :multiplatform:data:trail:impl:copyDebugJniLibsProjectOnly UP-TO-DATE
> Task :multiplatform:di:graph:loggedin:mergeDebugJniLibFolders UP-TO-DATE
> Task :multiplatform:di:graph:app:mergeDebugNativeLibs NO-SOURCE
> Task :multiplatform:di:graph:inactive:mergeDebugNativeLibs NO-SOURCE
> Task :multiplatform:di:graph:loggedout:mergeDebugJniLibFolders UP-TO-DATE
> Task :multiplatform:di:graph:loggedin:mergeDebugNativeLibs NO-SOURCE
> Task :multiplatform:feat:filters:api:mergeDebugJniLibFolders UP-TO-DATE
> Task :multiplatform:data:user:api:mergeDebugNativeLibs NO-SOURCE
> Task :multiplatform:di:graph:app:copyDebugJniLibsProjectOnly UP-TO-DATE
> Task :multiplatform:di:graph:loggedout:mergeDebugNativeLibs NO-SOURCE
> Task :multiplatform:data:trail:api:mergeDebugNativeLibs NO-SOURCE
> Task :multiplatform:di:graph:active:copyDebugJniLibsProjectOnly UP-TO-DATE
> Task :multiplatform:feat:filters:impl:mergeDebugJniLibFolders UP-TO-DATE
> Task :multiplatform:feat:savetrail:api:mergeDebugJniLibFolders UP-TO-DATE
> Task :multiplatform:di:graph:loggedin:copyDebugJniLibsProjectOnly UP-TO-DATE
> Task :multiplatform:feat:filters:impl:mergeDebugNativeLibs NO-SOURCE
> Task :multiplatform:di:graph:inactive:copyDebugJniLibsProjectOnly UP-TO-DATE
> Task :multiplatform:data:user:impl:mergeDebugJniLibFolders UP-TO-DATE
> Task :multiplatform:di:graph:loggedout:copyDebugJniLibsProjectOnly UP-TO-DATE
> Task :multiplatform:data:trail:api:copyDebugJniLibsProjectOnly UP-TO-DATE
> Task :multiplatform:feat:savetrail:impl:mergeDebugJniLibFolders UP-TO-DATE
> Task :multiplatform:feat:savetrail:api:mergeDebugNativeLibs NO-SOURCE
> Task :multiplatform:data:user:impl:mergeDebugNativeLibs NO-SOURCE
> Task :multiplatform:screen:activity:api:mergeDebugJniLibFolders UP-TO-DATE
> Task :multiplatform:data:user:api:copyDebugJniLibsProjectOnly UP-TO-DATE
> Task :multiplatform:feat:savetrail:impl:mergeDebugNativeLibs NO-SOURCE
> Task :multiplatform:screen:activity:impl:mergeDebugJniLibFolders UP-TO-DATE
> Task :multiplatform:feat:filters:impl:copyDebugJniLibsProjectOnly UP-TO-DATE
> Task :multiplatform:screen:collection:impl:mergeDebugJniLibFolders UP-TO-DATE
> Task :multiplatform:feat:filters:api:mergeDebugNativeLibs NO-SOURCE
> Task :multiplatform:feat:savetrail:impl:copyDebugJniLibsProjectOnly UP-TO-DATE
> Task :multiplatform:screen:activity:api:mergeDebugNativeLibs NO-SOURCE
> Task :multiplatform:screen:collection:api:mergeDebugJniLibFolders UP-TO-DATE
> Task :multiplatform:data:user:impl:copyDebugJniLibsProjectOnly UP-TO-DATE
> Task :multiplatform:screen:activity:impl:mergeDebugNativeLibs NO-SOURCE
> Task :multiplatform:feat:filters:api:copyDebugJniLibsProjectOnly UP-TO-DATE
> Task :multiplatform:screen:explore:api:mergeDebugJniLibFolders UP-TO-DATE
> Task :multiplatform:screen:foryou:api:mergeDebugJniLibFolders UP-TO-DATE
> Task :multiplatform:screen:activity:api:copyDebugJniLibsProjectOnly UP-TO-DATE
> Task :multiplatform:screen:collection:api:mergeDebugNativeLibs NO-SOURCE
> Task :multiplatform:screen:home:api:mergeDebugJniLibFolders UP-TO-DATE
> Task :multiplatform:screen:explore:api:mergeDebugNativeLibs NO-SOURCE
> Task :multiplatform:feat:savetrail:api:copyDebugJniLibsProjectOnly UP-TO-DATE
> Task :multiplatform:screen:activity:impl:copyDebugJniLibsProjectOnly UP-TO-DATE
> Task :multiplatform:screen:foryou:impl:mergeDebugJniLibFolders UP-TO-DATE
> Task :multiplatform:screen:home:impl:mergeDebugJniLibFolders UP-TO-DATE
> Task :multiplatform:screen:foryou:api:mergeDebugNativeLibs NO-SOURCE
> Task :multiplatform:screen:navigate:api:mergeDebugJniLibFolders UP-TO-DATE
> Task :multiplatform:screen:foryou:impl:mergeDebugNativeLibs NO-SOURCE
> Task :multiplatform:screen:explore:api:copyDebugJniLibsProjectOnly UP-TO-DATE
> Task :multiplatform:screen:home:api:mergeDebugNativeLibs NO-SOURCE
> Task :multiplatform:screen:foryou:api:copyDebugJniLibsProjectOnly UP-TO-DATE
> Task :multiplatform:screen:home:impl:mergeDebugNativeLibs NO-SOURCE
> Task :multiplatform:screen:navigate:impl:mergeDebugJniLibFolders UP-TO-DATE
> Task :multiplatform:screen:collection:api:copyDebugJniLibsProjectOnly UP-TO-DATE
> Task :multiplatform:screen:foryou:impl:copyDebugJniLibsProjectOnly UP-TO-DATE
> Task :multiplatform:screen:prelanding:api:mergeDebugJniLibFolders UP-TO-DATE
> Task :multiplatform:screen:profile:impl:mergeDebugJniLibFolders UP-TO-DATE
> Task :multiplatform:screen:prelanding:api:mergeDebugNativeLibs NO-SOURCE
> Task :multiplatform:screen:explore:impl:mergeDebugJniLibFolders UP-TO-DATE
> Task :multiplatform:screen:collection:impl:mergeDebugNativeLibs NO-SOURCE
> Task :multiplatform:screen:saved:api:mergeDebugJniLibFolders UP-TO-DATE
> Task :multiplatform:screen:profile:api:mergeDebugJniLibFolders UP-TO-DATE
> Task :multiplatform:screen:prelanding:api:copyDebugJniLibsProjectOnly UP-TO-DATE
> Task :multiplatform:screen:explore:impl:mergeDebugNativeLibs NO-SOURCE
> Task :multiplatform:screen:collection:impl:copyDebugJniLibsProjectOnly UP-TO-DATE
> Task :multiplatform:screen:navigate:impl:mergeDebugNativeLibs NO-SOURCE
> Task :multiplatform:screen:profile:impl:mergeDebugNativeLibs NO-SOURCE
> Task :multiplatform:screen:profile:api:mergeDebugNativeLibs NO-SOURCE
> Task :multiplatform:screen:navigate:api:mergeDebugNativeLibs NO-SOURCE
> Task :multiplatform:screen:navigate:impl:copyDebugJniLibsProjectOnly UP-TO-DATE
> Task :multiplatform:screen:home:impl:copyDebugJniLibsProjectOnly UP-TO-DATE
> Task :multiplatform:screen:home:api:copyDebugJniLibsProjectOnly UP-TO-DATE
> Task :multiplatform:screen:saved:impl:mergeDebugJniLibFolders UP-TO-DATE
> Task :multiplatform:screen:saved:api:mergeDebugNativeLibs NO-SOURCE
> Task :multiplatform:screen:navigate:api:copyDebugJniLibsProjectOnly UP-TO-DATE
> Task :multiplatform:screen:welcome:api:mergeDebugJniLibFolders UP-TO-DATE
> Task :multiplatform:screen:explore:impl:copyDebugJniLibsProjectOnly UP-TO-DATE
> Task :multiplatform:screen:welcome:impl:mergeDebugJniLibFolders UP-TO-DATE
> Task :multiplatform:screen:traildetail:impl:mergeDebugJniLibFolders UP-TO-DATE
> Task :multiplatform:screen:welcome:api:mergeDebugNativeLibs NO-SOURCE
> Task :multiplatform:screen:profile:api:copyDebugJniLibsProjectOnly UP-TO-DATE
> Task :multiplatform:screen:welcome:impl:mergeDebugNativeLibs NO-SOURCE
> Task :multiplatform:screen:traildetail:api:mergeDebugJniLibFolders UP-TO-DATE
> Task :multiplatform:screen:welcome:api:copyDebugJniLibsProjectOnly UP-TO-DATE
> Task :apps:android:validateSigningDebug UP-TO-DATE
> Task :multiplatform:screen:traildetail:impl:mergeDebugNativeLibs NO-SOURCE
> Task :apps:android:writeDebugAppMetadata UP-TO-DATE
> Task :multiplatform:screen:saved:impl:mergeDebugNativeLibs NO-SOURCE
> Task :apps:android:writeDebugSigningConfigVersions UP-TO-DATE
> Task :multiplatform:screen:traildetail:impl:copyDebugJniLibsProjectOnly UP-TO-DATE
> Task :multiplatform:screen:profile:impl:copyDebugJniLibsProjectOnly UP-TO-DATE
> Task :multiplatform:screen:saved:impl:copyDebugJniLibsProjectOnly UP-TO-DATE
> Task :multiplatform:screen:traildetail:api:mergeDebugNativeLibs NO-SOURCE
> Task :multiplatform:screen:saved:api:copyDebugJniLibsProjectOnly UP-TO-DATE
> Task :multiplatform:screen:traildetail:api:copyDebugJniLibsProjectOnly UP-TO-DATE
> Task :multiplatform:screen:welcome:impl:copyDebugJniLibsProjectOnly UP-TO-DATE
> Task :multiplatform:app:core:compileDebugKotlinAndroid UP-TO-DATE
> Task :multiplatform:app:core:compileDebugJavaWithJavac NO-SOURCE
> Task :multiplatform:app:core:bundleLibCompileToJarDebug UP-TO-DATE
> Task :apps:android:kspDebugKotlin SKIPPED
> Task :multiplatform:app:core:bundleLibRuntimeToJarDebug UP-TO-DATE
> Task :multiplatform:app:core:bundleLibRuntimeToDirDebug UP-TO-DATE
> Task :apps:android:compileDebugKotlin UP-TO-DATE
> Task :multiplatform:app:core:processDebugJavaRes UP-TO-DATE
> Task :apps:android:processDebugJavaRes UP-TO-DATE
> Task :apps:android:checkDebugDuplicateClasses UP-TO-DATE
> Task :multiplatform:foundation:designsystem:bundleLibRuntimeToJarDebug
> Task :apps:android:mergeDebugAssets UP-TO-DATE
> Task :apps:android:compressDebugAssets UP-TO-DATE
> Task :apps:android:mergeDebugJavaResource UP-TO-DATE
> Task :apps:android:mergeExtDexDebug UP-TO-DATE
> Task :apps:android:mergeDebugNativeLibs UP-TO-DATE
> Task :apps:android:stripDebugDebugSymbols UP-TO-DATE
> Task :apps:android:compileDebugJavaWithJavac UP-TO-DATE
> Task :apps:android:dexBuilderDebug UP-TO-DATE
> Task :apps:android:mergeProjectDexDebug UP-TO-DATE
> Task :apps:android:mergeLibDexDebug
> Task :apps:android:mergeDebugGlobalSynthetics UP-TO-DATE
> Task :apps:android:packageDebug
> Task :apps:android:assembleDebug
> Task :apps:android:createDebugApkListingFileRedirect UP-TO-DATE

BUILD SUCCESSFUL in 1s
1382 actionable tasks: 61 executed, 1321 up-to-date
Configuration cache entry reused.
